File,Solution,Cosine,BERT
10_HBMS.docx,"{'temperature': 0.6, 'top_k': 50, 'top_p': 1.0, 'max_new_tokens': 4096}",0.8530656,0.8932563754809306
10_HBMS.docx,"{'temperature': 0.6, 'top_k': 50, 'top_p': 1.0, 'max_new_tokens': 4096}",0.8530656,0.8846418660495694
10_HBMS.docx,"{'temperature': 0.6, 'top_k': 50, 'top_p': 1.0, 'max_new_tokens': 4096}",0.8530656,0.888773218381944
10_HBMS.docx,"{'temperature': 0.6, 'top_k': 50, 'top_p': 1.0, 'max_new_tokens': 4096}",0.8530656,0.9151349503204116
10_HBMS.docx,"{'temperature': 0.6, 'top_k': 50, 'top_p': 1.0, 'max_new_tokens': 4096}",0.8530656,0.9115142832503984
10_HBMS.docx,"{'temperature': 0.6, 'top_k': 50, 'top_p': 1.0, 'max_new_tokens': 4096}",0.8530656,0.8892908667326519
10_HBMS.docx,"{'temperature': 0.6, 'top_k': 50, 'top_p': 1.0, 'max_new_tokens': 4096}",0.8530656,0.9159465809800909
10_HBMS.docx,"{'temperature': 0.6, 'top_k': 50, 'top_p': 1.0, 'max_new_tokens': 4096}",0.8530656,0.9072728637418777
10_HBMS.docx,"{'temperature': 0.6, 'top_k': 50, 'top_p': 1.0, 'max_new_tokens': 4096}",0.8530656,0.8863126021995176
10_HBMS.docx,"{'temperature': 0.6, 'top_k': 50, 'top_p': 1.0, 'max_new_tokens': 4096}",0.8530656,0.9090248782088216
10_HBMS.docx,"{'temperature': 0.8, 'top_k': 50, 'top_p': 0.9, 'max_new_tokens': 4096}",0.672482,0.8011791228406
10_HBMS.docx,"{'temperature': 0.8, 'top_k': 50, 'top_p': 0.9, 'max_new_tokens': 4096}",0.672482,0.7991965117808675
10_HBMS.docx,"{'temperature': 0.8, 'top_k': 50, 'top_p': 0.9, 'max_new_tokens': 4096}",0.672482,0.8046460390307479
10_HBMS.docx,"{'temperature': 0.8, 'top_k': 50, 'top_p': 0.9, 'max_new_tokens': 4096}",0.672482,0.7949793711868988
10_HBMS.docx,"{'temperature': 0.8, 'top_k': 50, 'top_p': 0.9, 'max_new_tokens': 4096}",0.672482,0.7964097882235159
10_HBMS.docx,"{'temperature': 0.8, 'top_k': 50, 'top_p': 0.9, 'max_new_tokens': 4096}",0.672482,0.8128968774984275
10_HBMS.docx,"{'temperature': 0.8, 'top_k': 50, 'top_p': 0.9, 'max_new_tokens': 4096}",0.672482,0.7917422308276816
10_HBMS.docx,"{'temperature': 0.8, 'top_k': 50, 'top_p': 0.9, 'max_new_tokens': 4096}",0.672482,0.8226324294443197
10_HBMS.docx,"{'temperature': 0.8, 'top_k': 50, 'top_p': 0.9, 'max_new_tokens': 4096}",0.672482,0.8204400007739613
10_HBMS.docx,"{'temperature': 0.8, 'top_k': 50, 'top_p': 0.9, 'max_new_tokens': 4096}",0.672482,0.7966946932364081
10_HBMS.docx,"{'temperature': 1.0, 'top_k': None, 'top_p': 1.0, 'max_new_tokens': 2048}",0.6986574,0.8096285792159726
10_HBMS.docx,"{'temperature': 1.0, 'top_k': None, 'top_p': 1.0, 'max_new_tokens': 2048}",0.6986574,0.788445215162545
10_HBMS.docx,"{'temperature': 1.0, 'top_k': None, 'top_p': 1.0, 'max_new_tokens': 2048}",0.6986574,0.8054419042090503
10_HBMS.docx,"{'temperature': 1.0, 'top_k': None, 'top_p': 1.0, 'max_new_tokens': 2048}",0.6986574,0.7841796866991464
10_HBMS.docx,"{'temperature': 1.0, 'top_k': None, 'top_p': 1.0, 'max_new_tokens': 2048}",0.6986574,0.793039769759076
10_HBMS.docx,"{'temperature': 1.0, 'top_k': None, 'top_p': 1.0, 'max_new_tokens': 2048}",0.6986574,0.8093662129206796
10_HBMS.docx,"{'temperature': 1.0, 'top_k': None, 'top_p': 1.0, 'max_new_tokens': 2048}",0.6986574,0.8147359148572085
10_HBMS.docx,"{'temperature': 1.0, 'top_k': None, 'top_p': 1.0, 'max_new_tokens': 2048}",0.6986574,0.7889346581682106
10_HBMS.docx,"{'temperature': 1.0, 'top_k': None, 'top_p': 1.0, 'max_new_tokens': 2048}",0.6986574,0.7954626605523524
10_HBMS.docx,"{'temperature': 1.0, 'top_k': None, 'top_p': 1.0, 'max_new_tokens': 2048}",0.6986574,0.7811842943191252
10_HBMS.docx,"{'temperature': 1.1, 'top_k': None, 'top_p': 0.9, 'max_new_tokens': 2048}",0.8651811,0.8677260265896436
10_HBMS.docx,"{'temperature': 1.1, 'top_k': None, 'top_p': 0.9, 'max_new_tokens': 2048}",0.8651811,0.8694446035880786
10_HBMS.docx,"{'temperature': 1.1, 'top_k': None, 'top_p': 0.9, 'max_new_tokens': 2048}",0.8651811,0.851831757209811
10_HBMS.docx,"{'temperature': 1.1, 'top_k': None, 'top_p': 0.9, 'max_new_tokens': 2048}",0.8651811,0.8694715037391578
10_HBMS.docx,"{'temperature': 1.1, 'top_k': None, 'top_p': 0.9, 'max_new_tokens': 2048}",0.8651811,0.8765368392541311
10_HBMS.docx,"{'temperature': 1.1, 'top_k': None, 'top_p': 0.9, 'max_new_tokens': 2048}",0.8651811,0.8560430800976302
10_HBMS.docx,"{'temperature': 1.1, 'top_k': None, 'top_p': 0.9, 'max_new_tokens': 2048}",0.8651811,0.8862222053240055
10_HBMS.docx,"{'temperature': 1.1, 'top_k': None, 'top_p': 0.9, 'max_new_tokens': 2048}",0.8651811,0.851689888602942
10_HBMS.docx,"{'temperature': 1.1, 'top_k': None, 'top_p': 0.9, 'max_new_tokens': 2048}",0.8651811,0.8711791290843004
10_HBMS.docx,"{'temperature': 1.1, 'top_k': None, 'top_p': 0.9, 'max_new_tokens': 2048}",0.8651811,0.8794384735039791
10_HBMS.docx,"{'temperature': 1.1, 'top_k': 50, 'top_p': 0.9, 'max_new_tokens': 3072}",0.39454484,0.7860051685068126
10_HBMS.docx,"{'temperature': 1.1, 'top_k': 50, 'top_p': 0.9, 'max_new_tokens': 3072}",0.39454484,0.7577879006644036
10_HBMS.docx,"{'temperature': 1.1, 'top_k': 50, 'top_p': 0.9, 'max_new_tokens': 3072}",0.39454484,0.7824425035596583
10_HBMS.docx,"{'temperature': 1.1, 'top_k': 50, 'top_p': 0.9, 'max_new_tokens': 3072}",0.39454484,0.7760559674344366
10_HBMS.docx,"{'temperature': 1.1, 'top_k': 50, 'top_p': 0.9, 'max_new_tokens': 3072}",0.39454484,0.7591098545287434
10_HBMS.docx,"{'temperature': 1.1, 'top_k': 50, 'top_p': 0.9, 'max_new_tokens': 3072}",0.39454484,0.7851524147711184
10_HBMS.docx,"{'temperature': 1.1, 'top_k': 50, 'top_p': 0.9, 'max_new_tokens': 3072}",0.39454484,0.7756864359549109
10_HBMS.docx,"{'temperature': 1.1, 'top_k': 50, 'top_p': 0.9, 'max_new_tokens': 3072}",0.39454484,0.7816164416947908
10_HBMS.docx,"{'temperature': 1.1, 'top_k': 50, 'top_p': 0.9, 'max_new_tokens': 3072}",0.39454484,0.7748975653973093
10_HBMS.docx,"{'temperature': 1.1, 'top_k': 50, 'top_p': 0.9, 'max_new_tokens': 3072}",0.39454484,0.7515217058028945
10_HBMS.docx,"{'temperature': 1.1, 'top_k': 50, 'top_p': 0.9, 'max_new_tokens': 4096}",0.8073535,0.9006092085438826
10_HBMS.docx,"{'temperature': 1.1, 'top_k': 50, 'top_p': 0.9, 'max_new_tokens': 4096}",0.8073535,0.8977004183137539
10_HBMS.docx,"{'temperature': 1.1, 'top_k': 50, 'top_p': 0.9, 'max_new_tokens': 4096}",0.8073535,0.9233237451766332
10_HBMS.docx,"{'temperature': 1.1, 'top_k': 50, 'top_p': 0.9, 'max_new_tokens': 4096}",0.8073535,0.9234754252151834
10_HBMS.docx,"{'temperature': 1.1, 'top_k': 50, 'top_p': 0.9, 'max_new_tokens': 4096}",0.8073535,0.9220398770833956
10_HBMS.docx,"{'temperature': 1.1, 'top_k': 50, 'top_p': 0.9, 'max_new_tokens': 4096}",0.8073535,0.9246327979931216
10_HBMS.docx,"{'temperature': 1.1, 'top_k': 50, 'top_p': 0.9, 'max_new_tokens': 4096}",0.8073535,0.9078202260050314
10_HBMS.docx,"{'temperature': 1.1, 'top_k': 50, 'top_p': 0.9, 'max_new_tokens': 4096}",0.8073535,0.909862350093659
10_HBMS.docx,"{'temperature': 1.1, 'top_k': 50, 'top_p': 0.9, 'max_new_tokens': 4096}",0.8073535,0.9130720264742598
10_HBMS.docx,"{'temperature': 1.1, 'top_k': 50, 'top_p': 0.9, 'max_new_tokens': 4096}",0.8073535,0.9113589781086348
07_OTS.docx,"{'temperature': 0.6, 'top_k': 50, 'top_p': 1.0, 'max_new_tokens': 4096}",0.7124399,0.9102502798370156
07_OTS.docx,"{'temperature': 0.6, 'top_k': 50, 'top_p': 1.0, 'max_new_tokens': 4096}",0.7124399,0.9096209599003068
07_OTS.docx,"{'temperature': 0.6, 'top_k': 50, 'top_p': 1.0, 'max_new_tokens': 4096}",0.7124399,0.8789880841653022
07_OTS.docx,"{'temperature': 0.6, 'top_k': 50, 'top_p': 1.0, 'max_new_tokens': 4096}",0.7124399,0.8836895655948481
07_OTS.docx,"{'temperature': 0.6, 'top_k': 50, 'top_p': 1.0, 'max_new_tokens': 4096}",0.7124399,0.901151764394192
07_OTS.docx,"{'temperature': 0.6, 'top_k': 50, 'top_p': 1.0, 'max_new_tokens': 4096}",0.7124399,0.879848264599706
07_OTS.docx,"{'temperature': 0.6, 'top_k': 50, 'top_p': 1.0, 'max_new_tokens': 4096}",0.7124399,0.908087677763356
07_OTS.docx,"{'temperature': 0.6, 'top_k': 50, 'top_p': 1.0, 'max_new_tokens': 4096}",0.7124399,0.8827754514957904
07_OTS.docx,"{'temperature': 0.6, 'top_k': 50, 'top_p': 1.0, 'max_new_tokens': 4096}",0.7124399,0.9101622233094254
07_OTS.docx,"{'temperature': 0.6, 'top_k': 50, 'top_p': 1.0, 'max_new_tokens': 4096}",0.7124399,0.894827357972744
07_OTS.docx,"{'temperature': 0.8, 'top_k': 50, 'top_p': 0.9, 'max_new_tokens': 4096}",0.53531283,0.7613871608223363
07_OTS.docx,"{'temperature': 0.8, 'top_k': 50, 'top_p': 0.9, 'max_new_tokens': 4096}",0.53531283,0.771882820767387
07_OTS.docx,"{'temperature': 0.8, 'top_k': 50, 'top_p': 0.9, 'max_new_tokens': 4096}",0.53531283,0.7679372339726664
07_OTS.docx,"{'temperature': 0.8, 'top_k': 50, 'top_p': 0.9, 'max_new_tokens': 4096}",0.53531283,0.7636862123922782
07_OTS.docx,"{'temperature': 0.8, 'top_k': 50, 'top_p': 0.9, 'max_new_tokens': 4096}",0.53531283,0.7625017444436426
07_OTS.docx,"{'temperature': 0.8, 'top_k': 50, 'top_p': 0.9, 'max_new_tokens': 4096}",0.53531283,0.7644610009745886
07_OTS.docx,"{'temperature': 0.8, 'top_k': 50, 'top_p': 0.9, 'max_new_tokens': 4096}",0.53531283,0.7860708654233912
07_OTS.docx,"{'temperature': 0.8, 'top_k': 50, 'top_p': 0.9, 'max_new_tokens': 4096}",0.53531283,0.7940068488384281
07_OTS.docx,"{'temperature': 0.8, 'top_k': 50, 'top_p': 0.9, 'max_new_tokens': 4096}",0.53531283,0.775746720812829
07_OTS.docx,"{'temperature': 0.8, 'top_k': 50, 'top_p': 0.9, 'max_new_tokens': 4096}",0.53531283,0.763198845129664
07_OTS.docx,"{'temperature': 1.0, 'top_k': None, 'top_p': 1.0, 'max_new_tokens': 2048}",0.35312945,0.8020262075187046
07_OTS.docx,"{'temperature': 1.0, 'top_k': None, 'top_p': 1.0, 'max_new_tokens': 2048}",0.35312945,0.806628431704706
07_OTS.docx,"{'temperature': 1.0, 'top_k': None, 'top_p': 1.0, 'max_new_tokens': 2048}",0.35312945,0.7876281068434143
07_OTS.docx,"{'temperature': 1.0, 'top_k': None, 'top_p': 1.0, 'max_new_tokens': 2048}",0.35312945,0.7892045257675465
07_OTS.docx,"{'temperature': 1.0, 'top_k': None, 'top_p': 1.0, 'max_new_tokens': 2048}",0.35312945,0.8066808856293453
07_OTS.docx,"{'temperature': 1.0, 'top_k': None, 'top_p': 1.0, 'max_new_tokens': 2048}",0.35312945,0.7789496067880995
07_OTS.docx,"{'temperature': 1.0, 'top_k': None, 'top_p': 1.0, 'max_new_tokens': 2048}",0.35312945,0.8048612211135932
07_OTS.docx,"{'temperature': 1.0, 'top_k': None, 'top_p': 1.0, 'max_new_tokens': 2048}",0.35312945,0.7887485423434382
07_OTS.docx,"{'temperature': 1.0, 'top_k': None, 'top_p': 1.0, 'max_new_tokens': 2048}",0.35312945,0.7821494379644576
07_OTS.docx,"{'temperature': 1.0, 'top_k': None, 'top_p': 1.0, 'max_new_tokens': 2048}",0.35312945,0.7734743119790243
07_OTS.docx,"{'temperature': 1.1, 'top_k': None, 'top_p': 0.9, 'max_new_tokens': 2048}",0.73479867,0.8398854923420558
07_OTS.docx,"{'temperature': 1.1, 'top_k': None, 'top_p': 0.9, 'max_new_tokens': 2048}",0.73479867,0.8725400048249121
07_OTS.docx,"{'temperature': 1.1, 'top_k': None, 'top_p': 0.9, 'max_new_tokens': 2048}",0.73479867,0.871477779498766
07_OTS.docx,"{'temperature': 1.1, 'top_k': None, 'top_p': 0.9, 'max_new_tokens': 2048}",0.73479867,0.8640536244968211
07_OTS.docx,"{'temperature': 1.1, 'top_k': None, 'top_p': 0.9, 'max_new_tokens': 2048}",0.73479867,0.848588585390492
07_OTS.docx,"{'temperature': 1.1, 'top_k': None, 'top_p': 0.9, 'max_new_tokens': 2048}",0.73479867,0.8449692158961357
07_OTS.docx,"{'temperature': 1.1, 'top_k': None, 'top_p': 0.9, 'max_new_tokens': 2048}",0.73479867,0.8588023700263987
07_OTS.docx,"{'temperature': 1.1, 'top_k': None, 'top_p': 0.9, 'max_new_tokens': 2048}",0.73479867,0.8633372966677398
07_OTS.docx,"{'temperature': 1.1, 'top_k': None, 'top_p': 0.9, 'max_new_tokens': 2048}",0.73479867,0.8402261350790314
07_OTS.docx,"{'temperature': 1.1, 'top_k': None, 'top_p': 0.9, 'max_new_tokens': 2048}",0.73479867,0.8614588566520154
07_OTS.docx,"{'temperature': 1.1, 'top_k': 50, 'top_p': 0.9, 'max_new_tokens': 3072}",0.6510274,0.8868959823213118
07_OTS.docx,"{'temperature': 1.1, 'top_k': 50, 'top_p': 0.9, 'max_new_tokens': 3072}",0.6510274,0.8661461699878307
07_OTS.docx,"{'temperature': 1.1, 'top_k': 50, 'top_p': 0.9, 'max_new_tokens': 3072}",0.6510274,0.8731684305211292
07_OTS.docx,"{'temperature': 1.1, 'top_k': 50, 'top_p': 0.9, 'max_new_tokens': 3072}",0.6510274,0.8532872809719251
07_OTS.docx,"{'temperature': 1.1, 'top_k': 50, 'top_p': 0.9, 'max_new_tokens': 3072}",0.6510274,0.8690360018585924
07_OTS.docx,"{'temperature': 1.1, 'top_k': 50, 'top_p': 0.9, 'max_new_tokens': 3072}",0.6510274,0.8712023179683819
07_OTS.docx,"{'temperature': 1.1, 'top_k': 50, 'top_p': 0.9, 'max_new_tokens': 3072}",0.6510274,0.8511776911624985
07_OTS.docx,"{'temperature': 1.1, 'top_k': 50, 'top_p': 0.9, 'max_new_tokens': 3072}",0.6510274,0.8726224042812573
07_OTS.docx,"{'temperature': 1.1, 'top_k': 50, 'top_p': 0.9, 'max_new_tokens': 3072}",0.6510274,0.8561645844231366
07_OTS.docx,"{'temperature': 1.1, 'top_k': 50, 'top_p': 0.9, 'max_new_tokens': 3072}",0.6510274,0.8711947626693108
07_OTS.docx,"{'temperature': 1.1, 'top_k': 50, 'top_p': 0.9, 'max_new_tokens': 4096}",0.64454967,0.8007021461049937
07_OTS.docx,"{'temperature': 1.1, 'top_k': 50, 'top_p': 0.9, 'max_new_tokens': 4096}",0.64454967,0.817428409869789
07_OTS.docx,"{'temperature': 1.1, 'top_k': 50, 'top_p': 0.9, 'max_new_tokens': 4096}",0.64454967,0.8059264994372639
07_OTS.docx,"{'temperature': 1.1, 'top_k': 50, 'top_p': 0.9, 'max_new_tokens': 4096}",0.64454967,0.8170436651353792
07_OTS.docx,"{'temperature': 1.1, 'top_k': 50, 'top_p': 0.9, 'max_new_tokens': 4096}",0.64454967,0.8245937103813242
07_OTS.docx,"{'temperature': 1.1, 'top_k': 50, 'top_p': 0.9, 'max_new_tokens': 4096}",0.64454967,0.8212864112835121
07_OTS.docx,"{'temperature': 1.1, 'top_k': 50, 'top_p': 0.9, 'max_new_tokens': 4096}",0.64454967,0.8314399832558802
07_OTS.docx,"{'temperature': 1.1, 'top_k': 50, 'top_p': 0.9, 'max_new_tokens': 4096}",0.64454967,0.7996967546589043
07_OTS.docx,"{'temperature': 1.1, 'top_k': 50, 'top_p': 0.9, 'max_new_tokens': 4096}",0.64454967,0.7968250621626799
07_OTS.docx,"{'temperature': 1.1, 'top_k': 50, 'top_p': 0.9, 'max_new_tokens': 4096}",0.64454967,0.8262580305873525
06_SHAS.docx,"{'temperature': 0.6, 'top_k': 50, 'top_p': 1.0, 'max_new_tokens': 4096}",0.69739795,0.8385169573802407
06_SHAS.docx,"{'temperature': 0.6, 'top_k': 50, 'top_p': 1.0, 'max_new_tokens': 4096}",0.69739795,0.8579363419248701
06_SHAS.docx,"{'temperature': 0.6, 'top_k': 50, 'top_p': 1.0, 'max_new_tokens': 4096}",0.69739795,0.8689393657815352
06_SHAS.docx,"{'temperature': 0.6, 'top_k': 50, 'top_p': 1.0, 'max_new_tokens': 4096}",0.69739795,0.8683933024759819
06_SHAS.docx,"{'temperature': 0.6, 'top_k': 50, 'top_p': 1.0, 'max_new_tokens': 4096}",0.69739795,0.8600559301423047
06_SHAS.docx,"{'temperature': 0.6, 'top_k': 50, 'top_p': 1.0, 'max_new_tokens': 4096}",0.69739795,0.8665397410279738
06_SHAS.docx,"{'temperature': 0.6, 'top_k': 50, 'top_p': 1.0, 'max_new_tokens': 4096}",0.69739795,0.8437056177676563
06_SHAS.docx,"{'temperature': 0.6, 'top_k': 50, 'top_p': 1.0, 'max_new_tokens': 4096}",0.69739795,0.841261650688724
06_SHAS.docx,"{'temperature': 0.6, 'top_k': 50, 'top_p': 1.0, 'max_new_tokens': 4096}",0.69739795,0.8584834730864577
06_SHAS.docx,"{'temperature': 0.6, 'top_k': 50, 'top_p': 1.0, 'max_new_tokens': 4096}",0.69739795,0.8731663684858307
06_SHAS.docx,"{'temperature': 0.8, 'top_k': 50, 'top_p': 0.9, 'max_new_tokens': 4096}",0.76436186,0.8686259638136988
06_SHAS.docx,"{'temperature': 0.8, 'top_k': 50, 'top_p': 0.9, 'max_new_tokens': 4096}",0.76436186,0.8619526942069387
06_SHAS.docx,"{'temperature': 0.8, 'top_k': 50, 'top_p': 0.9, 'max_new_tokens': 4096}",0.76436186,0.8901550406076687
06_SHAS.docx,"{'temperature': 0.8, 'top_k': 50, 'top_p': 0.9, 'max_new_tokens': 4096}",0.76436186,0.8528557651117689
06_SHAS.docx,"{'temperature': 0.8, 'top_k': 50, 'top_p': 0.9, 'max_new_tokens': 4096}",0.76436186,0.8909641555441243
06_SHAS.docx,"{'temperature': 0.8, 'top_k': 50, 'top_p': 0.9, 'max_new_tokens': 4096}",0.76436186,0.8868744703728503
06_SHAS.docx,"{'temperature': 0.8, 'top_k': 50, 'top_p': 0.9, 'max_new_tokens': 4096}",0.76436186,0.8856485259285783
06_SHAS.docx,"{'temperature': 0.8, 'top_k': 50, 'top_p': 0.9, 'max_new_tokens': 4096}",0.76436186,0.8594667254350052
06_SHAS.docx,"{'temperature': 0.8, 'top_k': 50, 'top_p': 0.9, 'max_new_tokens': 4096}",0.76436186,0.8897350062005464
06_SHAS.docx,"{'temperature': 0.8, 'top_k': 50, 'top_p': 0.9, 'max_new_tokens': 4096}",0.76436186,0.8832416371201464
06_SHAS.docx,"{'temperature': 1.0, 'top_k': None, 'top_p': 1.0, 'max_new_tokens': 2048}",0.53490233,0.8643250626305676
06_SHAS.docx,"{'temperature': 1.0, 'top_k': None, 'top_p': 1.0, 'max_new_tokens': 2048}",0.53490233,0.8734418339085
06_SHAS.docx,"{'temperature': 1.0, 'top_k': None, 'top_p': 1.0, 'max_new_tokens': 2048}",0.53490233,0.849256717116652
06_SHAS.docx,"{'temperature': 1.0, 'top_k': None, 'top_p': 1.0, 'max_new_tokens': 2048}",0.53490233,0.8719800525285286
06_SHAS.docx,"{'temperature': 1.0, 'top_k': None, 'top_p': 1.0, 'max_new_tokens': 2048}",0.53490233,0.8652524821455788
06_SHAS.docx,"{'temperature': 1.0, 'top_k': None, 'top_p': 1.0, 'max_new_tokens': 2048}",0.53490233,0.8683904193468377
06_SHAS.docx,"{'temperature': 1.0, 'top_k': None, 'top_p': 1.0, 'max_new_tokens': 2048}",0.53490233,0.87317791709676
06_SHAS.docx,"{'temperature': 1.0, 'top_k': None, 'top_p': 1.0, 'max_new_tokens': 2048}",0.53490233,0.8434533357773176
06_SHAS.docx,"{'temperature': 1.0, 'top_k': None, 'top_p': 1.0, 'max_new_tokens': 2048}",0.53490233,0.8517262217517294
06_SHAS.docx,"{'temperature': 1.0, 'top_k': None, 'top_p': 1.0, 'max_new_tokens': 2048}",0.53490233,0.8505860854078755
06_SHAS.docx,"{'temperature': 1.1, 'top_k': None, 'top_p': 0.9, 'max_new_tokens': 2048}",0.644241,0.7557900076617596
06_SHAS.docx,"{'temperature': 1.1, 'top_k': None, 'top_p': 0.9, 'max_new_tokens': 2048}",0.644241,0.7534251255615836
06_SHAS.docx,"{'temperature': 1.1, 'top_k': None, 'top_p': 0.9, 'max_new_tokens': 2048}",0.644241,0.7714525252752215
06_SHAS.docx,"{'temperature': 1.1, 'top_k': None, 'top_p': 0.9, 'max_new_tokens': 2048}",0.644241,0.7748506030431218
06_SHAS.docx,"{'temperature': 1.1, 'top_k': None, 'top_p': 0.9, 'max_new_tokens': 2048}",0.644241,0.7870259876079182
06_SHAS.docx,"{'temperature': 1.1, 'top_k': None, 'top_p': 0.9, 'max_new_tokens': 2048}",0.644241,0.7583545246618428
06_SHAS.docx,"{'temperature': 1.1, 'top_k': None, 'top_p': 0.9, 'max_new_tokens': 2048}",0.644241,0.7576389537939661
06_SHAS.docx,"{'temperature': 1.1, 'top_k': None, 'top_p': 0.9, 'max_new_tokens': 2048}",0.644241,0.7845520006982958
06_SHAS.docx,"{'temperature': 1.1, 'top_k': None, 'top_p': 0.9, 'max_new_tokens': 2048}",0.644241,0.7667188752004905
06_SHAS.docx,"{'temperature': 1.1, 'top_k': None, 'top_p': 0.9, 'max_new_tokens': 2048}",0.644241,0.7668431786541333
06_SHAS.docx,"{'temperature': 1.1, 'top_k': 50, 'top_p': 0.9, 'max_new_tokens': 3072}",0.7153329,0.8433354167921395
06_SHAS.docx,"{'temperature': 1.1, 'top_k': 50, 'top_p': 0.9, 'max_new_tokens': 3072}",0.7153329,0.8617157132562504
06_SHAS.docx,"{'temperature': 1.1, 'top_k': 50, 'top_p': 0.9, 'max_new_tokens': 3072}",0.7153329,0.8417441019593576
06_SHAS.docx,"{'temperature': 1.1, 'top_k': 50, 'top_p': 0.9, 'max_new_tokens': 3072}",0.7153329,0.866863482735701
06_SHAS.docx,"{'temperature': 1.1, 'top_k': 50, 'top_p': 0.9, 'max_new_tokens': 3072}",0.7153329,0.8406555038145004
06_SHAS.docx,"{'temperature': 1.1, 'top_k': 50, 'top_p': 0.9, 'max_new_tokens': 3072}",0.7153329,0.8630420918972125
06_SHAS.docx,"{'temperature': 1.1, 'top_k': 50, 'top_p': 0.9, 'max_new_tokens': 3072}",0.7153329,0.8557843454248465
06_SHAS.docx,"{'temperature': 1.1, 'top_k': 50, 'top_p': 0.9, 'max_new_tokens': 3072}",0.7153329,0.8504441169671529
06_SHAS.docx,"{'temperature': 1.1, 'top_k': 50, 'top_p': 0.9, 'max_new_tokens': 3072}",0.7153329,0.8614604348661219
06_SHAS.docx,"{'temperature': 1.1, 'top_k': 50, 'top_p': 0.9, 'max_new_tokens': 3072}",0.7153329,0.85012192523438
06_SHAS.docx,"{'temperature': 1.1, 'top_k': 50, 'top_p': 0.9, 'max_new_tokens': 4096}",0.8334954,0.938122562893788
06_SHAS.docx,"{'temperature': 1.1, 'top_k': 50, 'top_p': 0.9, 'max_new_tokens': 4096}",0.8334954,0.9348133097682536
06_SHAS.docx,"{'temperature': 1.1, 'top_k': 50, 'top_p': 0.9, 'max_new_tokens': 4096}",0.8334954,0.937424683169154
06_SHAS.docx,"{'temperature': 1.1, 'top_k': 50, 'top_p': 0.9, 'max_new_tokens': 4096}",0.8334954,0.904358109834133
06_SHAS.docx,"{'temperature': 1.1, 'top_k': 50, 'top_p': 0.9, 'max_new_tokens': 4096}",0.8334954,0.9106435576710332
06_SHAS.docx,"{'temperature': 1.1, 'top_k': 50, 'top_p': 0.9, 'max_new_tokens': 4096}",0.8334954,0.9238584159711618
06_SHAS.docx,"{'temperature': 1.1, 'top_k': 50, 'top_p': 0.9, 'max_new_tokens': 4096}",0.8334954,0.932878730937172
06_SHAS.docx,"{'temperature': 1.1, 'top_k': 50, 'top_p': 0.9, 'max_new_tokens': 4096}",0.8334954,0.9363067605384492
06_SHAS.docx,"{'temperature': 1.1, 'top_k': 50, 'top_p': 0.9, 'max_new_tokens': 4096}",0.8334954,0.9130790093546356
06_SHAS.docx,"{'temperature': 1.1, 'top_k': 50, 'top_p': 0.9, 'max_new_tokens': 4096}",0.8334954,0.9320850222169268
01_BTMS.docx,"{'temperature': 0.6, 'top_k': 50, 'top_p': 1.0, 'max_new_tokens': 4096}",0.6901126,0.8503217565024567
01_BTMS.docx,"{'temperature': 0.6, 'top_k': 50, 'top_p': 1.0, 'max_new_tokens': 4096}",0.6901126,0.8618648132757759
01_BTMS.docx,"{'temperature': 0.6, 'top_k': 50, 'top_p': 1.0, 'max_new_tokens': 4096}",0.6901126,0.8650526713873763
01_BTMS.docx,"{'temperature': 0.6, 'top_k': 50, 'top_p': 1.0, 'max_new_tokens': 4096}",0.6901126,0.8527157030562674
01_BTMS.docx,"{'temperature': 0.6, 'top_k': 50, 'top_p': 1.0, 'max_new_tokens': 4096}",0.6901126,0.8507832328631477
01_BTMS.docx,"{'temperature': 0.6, 'top_k': 50, 'top_p': 1.0, 'max_new_tokens': 4096}",0.6901126,0.8779865159343023
01_BTMS.docx,"{'temperature': 0.6, 'top_k': 50, 'top_p': 1.0, 'max_new_tokens': 4096}",0.6901126,0.8497822527479207
01_BTMS.docx,"{'temperature': 0.6, 'top_k': 50, 'top_p': 1.0, 'max_new_tokens': 4096}",0.6901126,0.8700426881138759
01_BTMS.docx,"{'temperature': 0.6, 'top_k': 50, 'top_p': 1.0, 'max_new_tokens': 4096}",0.6901126,0.8674972276892752
01_BTMS.docx,"{'temperature': 0.6, 'top_k': 50, 'top_p': 1.0, 'max_new_tokens': 4096}",0.6901126,0.8738844688281701
01_BTMS.docx,"{'temperature': 0.8, 'top_k': 50, 'top_p': 0.9, 'max_new_tokens': 4096}",0.42895865,0.8648500856384834
01_BTMS.docx,"{'temperature': 0.8, 'top_k': 50, 'top_p': 0.9, 'max_new_tokens': 4096}",0.42895865,0.8372582425759648
01_BTMS.docx,"{'temperature': 0.8, 'top_k': 50, 'top_p': 0.9, 'max_new_tokens': 4096}",0.42895865,0.861081686870398
01_BTMS.docx,"{'temperature': 0.8, 'top_k': 50, 'top_p': 0.9, 'max_new_tokens': 4096}",0.42895865,0.8329045275829985
01_BTMS.docx,"{'temperature': 0.8, 'top_k': 50, 'top_p': 0.9, 'max_new_tokens': 4096}",0.42895865,0.8615907050076457
01_BTMS.docx,"{'temperature': 0.8, 'top_k': 50, 'top_p': 0.9, 'max_new_tokens': 4096}",0.42895865,0.8662183337596646
01_BTMS.docx,"{'temperature': 0.8, 'top_k': 50, 'top_p': 0.9, 'max_new_tokens': 4096}",0.42895865,0.8683231357180319
01_BTMS.docx,"{'temperature': 0.8, 'top_k': 50, 'top_p': 0.9, 'max_new_tokens': 4096}",0.42895865,0.8523592719251623
01_BTMS.docx,"{'temperature': 0.8, 'top_k': 50, 'top_p': 0.9, 'max_new_tokens': 4096}",0.42895865,0.8564762542225225
01_BTMS.docx,"{'temperature': 0.8, 'top_k': 50, 'top_p': 0.9, 'max_new_tokens': 4096}",0.42895865,0.8414882242127796
01_BTMS.docx,"{'temperature': 1.0, 'top_k': None, 'top_p': 1.0, 'max_new_tokens': 2048}",0.6760298,0.8717622564229646
01_BTMS.docx,"{'temperature': 1.0, 'top_k': None, 'top_p': 1.0, 'max_new_tokens': 2048}",0.6760298,0.8469431877036189
01_BTMS.docx,"{'temperature': 1.0, 'top_k': None, 'top_p': 1.0, 'max_new_tokens': 2048}",0.6760298,0.8750147650569343
01_BTMS.docx,"{'temperature': 1.0, 'top_k': None, 'top_p': 1.0, 'max_new_tokens': 2048}",0.6760298,0.8766651376489397
01_BTMS.docx,"{'temperature': 1.0, 'top_k': None, 'top_p': 1.0, 'max_new_tokens': 2048}",0.6760298,0.8580982807470381
01_BTMS.docx,"{'temperature': 1.0, 'top_k': None, 'top_p': 1.0, 'max_new_tokens': 2048}",0.6760298,0.8657573958931617
01_BTMS.docx,"{'temperature': 1.0, 'top_k': None, 'top_p': 1.0, 'max_new_tokens': 2048}",0.6760298,0.8663159048007526
01_BTMS.docx,"{'temperature': 1.0, 'top_k': None, 'top_p': 1.0, 'max_new_tokens': 2048}",0.6760298,0.8723631549971036
01_BTMS.docx,"{'temperature': 1.0, 'top_k': None, 'top_p': 1.0, 'max_new_tokens': 2048}",0.6760298,0.8417796377072012
01_BTMS.docx,"{'temperature': 1.0, 'top_k': None, 'top_p': 1.0, 'max_new_tokens': 2048}",0.6760298,0.8695812070001343
01_BTMS.docx,"{'temperature': 1.1, 'top_k': None, 'top_p': 0.9, 'max_new_tokens': 2048}",0.61245155,0.7998688878403681
01_BTMS.docx,"{'temperature': 1.1, 'top_k': None, 'top_p': 0.9, 'max_new_tokens': 2048}",0.61245155,0.827929125450153
01_BTMS.docx,"{'temperature': 1.1, 'top_k': None, 'top_p': 0.9, 'max_new_tokens': 2048}",0.61245155,0.7958062211794427
01_BTMS.docx,"{'temperature': 1.1, 'top_k': None, 'top_p': 0.9, 'max_new_tokens': 2048}",0.61245155,0.8041923586652394
01_BTMS.docx,"{'temperature': 1.1, 'top_k': None, 'top_p': 0.9, 'max_new_tokens': 2048}",0.61245155,0.8269053837446466
01_BTMS.docx,"{'temperature': 1.1, 'top_k': None, 'top_p': 0.9, 'max_new_tokens': 2048}",0.61245155,0.8231252320309428
01_BTMS.docx,"{'temperature': 1.1, 'top_k': None, 'top_p': 0.9, 'max_new_tokens': 2048}",0.61245155,0.7955996892742536
01_BTMS.docx,"{'temperature': 1.1, 'top_k': None, 'top_p': 0.9, 'max_new_tokens': 2048}",0.61245155,0.8276422378688176
01_BTMS.docx,"{'temperature': 1.1, 'top_k': None, 'top_p': 0.9, 'max_new_tokens': 2048}",0.61245155,0.8127686446067673
01_BTMS.docx,"{'temperature': 1.1, 'top_k': None, 'top_p': 0.9, 'max_new_tokens': 2048}",0.61245155,0.7931909718240157
01_BTMS.docx,"{'temperature': 1.1, 'top_k': 50, 'top_p': 0.9, 'max_new_tokens': 3072}",0.37374473,0.7576686307449437
01_BTMS.docx,"{'temperature': 1.1, 'top_k': 50, 'top_p': 0.9, 'max_new_tokens': 3072}",0.37374473,0.7543484729116205
01_BTMS.docx,"{'temperature': 1.1, 'top_k': 50, 'top_p': 0.9, 'max_new_tokens': 3072}",0.37374473,0.7730169296935795
01_BTMS.docx,"{'temperature': 1.1, 'top_k': 50, 'top_p': 0.9, 'max_new_tokens': 3072}",0.37374473,0.7901462217985685
01_BTMS.docx,"{'temperature': 1.1, 'top_k': 50, 'top_p': 0.9, 'max_new_tokens': 3072}",0.37374473,0.7589175207233143
01_BTMS.docx,"{'temperature': 1.1, 'top_k': 50, 'top_p': 0.9, 'max_new_tokens': 3072}",0.37374473,0.75686751304525
01_BTMS.docx,"{'temperature': 1.1, 'top_k': 50, 'top_p': 0.9, 'max_new_tokens': 3072}",0.37374473,0.7689969838462012
01_BTMS.docx,"{'temperature': 1.1, 'top_k': 50, 'top_p': 0.9, 'max_new_tokens': 3072}",0.37374473,0.7629301342796159
01_BTMS.docx,"{'temperature': 1.1, 'top_k': 50, 'top_p': 0.9, 'max_new_tokens': 3072}",0.37374473,0.7571715205867928
01_BTMS.docx,"{'temperature': 1.1, 'top_k': 50, 'top_p': 0.9, 'max_new_tokens': 3072}",0.37374473,0.7680316776806027
01_BTMS.docx,"{'temperature': 1.1, 'top_k': 50, 'top_p': 0.9, 'max_new_tokens': 4096}",0.5027225,0.8148322057140572
01_BTMS.docx,"{'temperature': 1.1, 'top_k': 50, 'top_p': 0.9, 'max_new_tokens': 4096}",0.5027225,0.8284970575949494
01_BTMS.docx,"{'temperature': 1.1, 'top_k': 50, 'top_p': 0.9, 'max_new_tokens': 4096}",0.5027225,0.8192300217884424
01_BTMS.docx,"{'temperature': 1.1, 'top_k': 50, 'top_p': 0.9, 'max_new_tokens': 4096}",0.5027225,0.8307608612835565
01_BTMS.docx,"{'temperature': 1.1, 'top_k': 50, 'top_p': 0.9, 'max_new_tokens': 4096}",0.5027225,0.8249149650809435
01_BTMS.docx,"{'temperature': 1.1, 'top_k': 50, 'top_p': 0.9, 'max_new_tokens': 4096}",0.5027225,0.8112798652330477
01_BTMS.docx,"{'temperature': 1.1, 'top_k': 50, 'top_p': 0.9, 'max_new_tokens': 4096}",0.5027225,0.8093665054988993
01_BTMS.docx,"{'temperature': 1.1, 'top_k': 50, 'top_p': 0.9, 'max_new_tokens': 4096}",0.5027225,0.8266703611186879
01_BTMS.docx,"{'temperature': 1.1, 'top_k': 50, 'top_p': 0.9, 'max_new_tokens': 4096}",0.5027225,0.8177996754632273
01_BTMS.docx,"{'temperature': 1.1, 'top_k': 50, 'top_p': 0.9, 'max_new_tokens': 4096}",0.5027225,0.8129267008405096
03_LabTracker.docx,"{'temperature': 0.6, 'top_k': 50, 'top_p': 1.0, 'max_new_tokens': 4096}",0.7986679,0.8848102964450847
03_LabTracker.docx,"{'temperature': 0.6, 'top_k': 50, 'top_p': 1.0, 'max_new_tokens': 4096}",0.7986679,0.8710556946235289
03_LabTracker.docx,"{'temperature': 0.6, 'top_k': 50, 'top_p': 1.0, 'max_new_tokens': 4096}",0.7986679,0.8841667699475879
03_LabTracker.docx,"{'temperature': 0.6, 'top_k': 50, 'top_p': 1.0, 'max_new_tokens': 4096}",0.7986679,0.8749206593397907
03_LabTracker.docx,"{'temperature': 0.6, 'top_k': 50, 'top_p': 1.0, 'max_new_tokens': 4096}",0.7986679,0.8669629545186861
03_LabTracker.docx,"{'temperature': 0.6, 'top_k': 50, 'top_p': 1.0, 'max_new_tokens': 4096}",0.7986679,0.8800653924091928
03_LabTracker.docx,"{'temperature': 0.6, 'top_k': 50, 'top_p': 1.0, 'max_new_tokens': 4096}",0.7986679,0.8874004654729022
03_LabTracker.docx,"{'temperature': 0.6, 'top_k': 50, 'top_p': 1.0, 'max_new_tokens': 4096}",0.7986679,0.8808787975265524
03_LabTracker.docx,"{'temperature': 0.6, 'top_k': 50, 'top_p': 1.0, 'max_new_tokens': 4096}",0.7986679,0.8806432516106443
03_LabTracker.docx,"{'temperature': 0.6, 'top_k': 50, 'top_p': 1.0, 'max_new_tokens': 4096}",0.7986679,0.8688617036222285
03_LabTracker.docx,"{'temperature': 0.8, 'top_k': 50, 'top_p': 0.9, 'max_new_tokens': 4096}",0.735885,0.8933773975227797
03_LabTracker.docx,"{'temperature': 0.8, 'top_k': 50, 'top_p': 0.9, 'max_new_tokens': 4096}",0.735885,0.8684618394925673
03_LabTracker.docx,"{'temperature': 0.8, 'top_k': 50, 'top_p': 0.9, 'max_new_tokens': 4096}",0.735885,0.8642879027444963
03_LabTracker.docx,"{'temperature': 0.8, 'top_k': 50, 'top_p': 0.9, 'max_new_tokens': 4096}",0.735885,0.8712956047100068
03_LabTracker.docx,"{'temperature': 0.8, 'top_k': 50, 'top_p': 0.9, 'max_new_tokens': 4096}",0.735885,0.9001409694846755
03_LabTracker.docx,"{'temperature': 0.8, 'top_k': 50, 'top_p': 0.9, 'max_new_tokens': 4096}",0.735885,0.898548614398517
03_LabTracker.docx,"{'temperature': 0.8, 'top_k': 50, 'top_p': 0.9, 'max_new_tokens': 4096}",0.735885,0.8639002272867343
03_LabTracker.docx,"{'temperature': 0.8, 'top_k': 50, 'top_p': 0.9, 'max_new_tokens': 4096}",0.735885,0.893861475029443
03_LabTracker.docx,"{'temperature': 0.8, 'top_k': 50, 'top_p': 0.9, 'max_new_tokens': 4096}",0.735885,0.8669000833908398
03_LabTracker.docx,"{'temperature': 0.8, 'top_k': 50, 'top_p': 0.9, 'max_new_tokens': 4096}",0.735885,0.8896816194723299
03_LabTracker.docx,"{'temperature': 1.0, 'top_k': None, 'top_p': 1.0, 'max_new_tokens': 2048}",0.7075999,0.8164162411220709
03_LabTracker.docx,"{'temperature': 1.0, 'top_k': None, 'top_p': 1.0, 'max_new_tokens': 2048}",0.7075999,0.8379317531945351
03_LabTracker.docx,"{'temperature': 1.0, 'top_k': None, 'top_p': 1.0, 'max_new_tokens': 2048}",0.7075999,0.8305744551600146
03_LabTracker.docx,"{'temperature': 1.0, 'top_k': None, 'top_p': 1.0, 'max_new_tokens': 2048}",0.7075999,0.8321704729285
03_LabTracker.docx,"{'temperature': 1.0, 'top_k': None, 'top_p': 1.0, 'max_new_tokens': 2048}",0.7075999,0.8279623180921222
03_LabTracker.docx,"{'temperature': 1.0, 'top_k': None, 'top_p': 1.0, 'max_new_tokens': 2048}",0.7075999,0.8102721524364452
03_LabTracker.docx,"{'temperature': 1.0, 'top_k': None, 'top_p': 1.0, 'max_new_tokens': 2048}",0.7075999,0.8162780425024553
03_LabTracker.docx,"{'temperature': 1.0, 'top_k': None, 'top_p': 1.0, 'max_new_tokens': 2048}",0.7075999,0.8030395758813652
03_LabTracker.docx,"{'temperature': 1.0, 'top_k': None, 'top_p': 1.0, 'max_new_tokens': 2048}",0.7075999,0.801325158567596
03_LabTracker.docx,"{'temperature': 1.0, 'top_k': None, 'top_p': 1.0, 'max_new_tokens': 2048}",0.7075999,0.8141161310613962
03_LabTracker.docx,"{'temperature': 1.1, 'top_k': None, 'top_p': 0.9, 'max_new_tokens': 2048}",0.58467954,0.8529933824318446
03_LabTracker.docx,"{'temperature': 1.1, 'top_k': None, 'top_p': 0.9, 'max_new_tokens': 2048}",0.58467954,0.8295076834317269
03_LabTracker.docx,"{'temperature': 1.1, 'top_k': None, 'top_p': 0.9, 'max_new_tokens': 2048}",0.58467954,0.8608765842036564
03_LabTracker.docx,"{'temperature': 1.1, 'top_k': None, 'top_p': 0.9, 'max_new_tokens': 2048}",0.58467954,0.8631593567829788
03_LabTracker.docx,"{'temperature': 1.1, 'top_k': None, 'top_p': 0.9, 'max_new_tokens': 2048}",0.58467954,0.8611575771375622
03_LabTracker.docx,"{'temperature': 1.1, 'top_k': None, 'top_p': 0.9, 'max_new_tokens': 2048}",0.58467954,0.8377889878754737
03_LabTracker.docx,"{'temperature': 1.1, 'top_k': None, 'top_p': 0.9, 'max_new_tokens': 2048}",0.58467954,0.857683296599901
03_LabTracker.docx,"{'temperature': 1.1, 'top_k': None, 'top_p': 0.9, 'max_new_tokens': 2048}",0.58467954,0.8329187228772954
03_LabTracker.docx,"{'temperature': 1.1, 'top_k': None, 'top_p': 0.9, 'max_new_tokens': 2048}",0.58467954,0.8547085933809587
03_LabTracker.docx,"{'temperature': 1.1, 'top_k': None, 'top_p': 0.9, 'max_new_tokens': 2048}",0.58467954,0.8450073588700987
03_LabTracker.docx,"{'temperature': 1.1, 'top_k': 50, 'top_p': 0.9, 'max_new_tokens': 3072}",0.62484324,0.836994472999972
03_LabTracker.docx,"{'temperature': 1.1, 'top_k': 50, 'top_p': 0.9, 'max_new_tokens': 3072}",0.62484324,0.8686607561439509
03_LabTracker.docx,"{'temperature': 1.1, 'top_k': 50, 'top_p': 0.9, 'max_new_tokens': 3072}",0.62484324,0.834186855314221
03_LabTracker.docx,"{'temperature': 1.1, 'top_k': 50, 'top_p': 0.9, 'max_new_tokens': 3072}",0.62484324,0.8416792305190437
03_LabTracker.docx,"{'temperature': 1.1, 'top_k': 50, 'top_p': 0.9, 'max_new_tokens': 3072}",0.62484324,0.8469738801520991
03_LabTracker.docx,"{'temperature': 1.1, 'top_k': 50, 'top_p': 0.9, 'max_new_tokens': 3072}",0.62484324,0.852893391051288
03_LabTracker.docx,"{'temperature': 1.1, 'top_k': 50, 'top_p': 0.9, 'max_new_tokens': 3072}",0.62484324,0.8638569136952567
03_LabTracker.docx,"{'temperature': 1.1, 'top_k': 50, 'top_p': 0.9, 'max_new_tokens': 3072}",0.62484324,0.8319773841923138
03_LabTracker.docx,"{'temperature': 1.1, 'top_k': 50, 'top_p': 0.9, 'max_new_tokens': 3072}",0.62484324,0.8669106030711627
03_LabTracker.docx,"{'temperature': 1.1, 'top_k': 50, 'top_p': 0.9, 'max_new_tokens': 3072}",0.62484324,0.8294235124190673
03_LabTracker.docx,"{'temperature': 1.1, 'top_k': 50, 'top_p': 0.9, 'max_new_tokens': 4096}",0.495974,0.7854566939355871
03_LabTracker.docx,"{'temperature': 1.1, 'top_k': 50, 'top_p': 0.9, 'max_new_tokens': 4096}",0.495974,0.7826733073828117
03_LabTracker.docx,"{'temperature': 1.1, 'top_k': 50, 'top_p': 0.9, 'max_new_tokens': 4096}",0.495974,0.7851063061749333
03_LabTracker.docx,"{'temperature': 1.1, 'top_k': 50, 'top_p': 0.9, 'max_new_tokens': 4096}",0.495974,0.8162455841686189
03_LabTracker.docx,"{'temperature': 1.1, 'top_k': 50, 'top_p': 0.9, 'max_new_tokens': 4096}",0.495974,0.7898704935560059
03_LabTracker.docx,"{'temperature': 1.1, 'top_k': 50, 'top_p': 0.9, 'max_new_tokens': 4096}",0.495974,0.7837437384705641
03_LabTracker.docx,"{'temperature': 1.1, 'top_k': 50, 'top_p': 0.9, 'max_new_tokens': 4096}",0.495974,0.8133413516052314
03_LabTracker.docx,"{'temperature': 1.1, 'top_k': 50, 'top_p': 0.9, 'max_new_tokens': 4096}",0.495974,0.7960151263733463
03_LabTracker.docx,"{'temperature': 1.1, 'top_k': 50, 'top_p': 0.9, 'max_new_tokens': 4096}",0.495974,0.7986009329582149
03_LabTracker.docx,"{'temperature': 1.1, 'top_k': 50, 'top_p': 0.9, 'max_new_tokens': 4096}",0.495974,0.7910331365077594
04_CelO.docx,"{'temperature': 0.6, 'top_k': 50, 'top_p': 1.0, 'max_new_tokens': 4096}",0.67505586,0.8587968031474089
04_CelO.docx,"{'temperature': 0.6, 'top_k': 50, 'top_p': 1.0, 'max_new_tokens': 4096}",0.67505586,0.8566033040118339
04_CelO.docx,"{'temperature': 0.6, 'top_k': 50, 'top_p': 1.0, 'max_new_tokens': 4096}",0.67505586,0.8622987500051102
04_CelO.docx,"{'temperature': 0.6, 'top_k': 50, 'top_p': 1.0, 'max_new_tokens': 4096}",0.67505586,0.8549186875903886
04_CelO.docx,"{'temperature': 0.6, 'top_k': 50, 'top_p': 1.0, 'max_new_tokens': 4096}",0.67505586,0.8412871942737301
04_CelO.docx,"{'temperature': 0.6, 'top_k': 50, 'top_p': 1.0, 'max_new_tokens': 4096}",0.67505586,0.8494315823186624
04_CelO.docx,"{'temperature': 0.6, 'top_k': 50, 'top_p': 1.0, 'max_new_tokens': 4096}",0.67505586,0.8657895713389815
04_CelO.docx,"{'temperature': 0.6, 'top_k': 50, 'top_p': 1.0, 'max_new_tokens': 4096}",0.67505586,0.8488870237698837
04_CelO.docx,"{'temperature': 0.6, 'top_k': 50, 'top_p': 1.0, 'max_new_tokens': 4096}",0.67505586,0.8470313951748331
04_CelO.docx,"{'temperature': 0.6, 'top_k': 50, 'top_p': 1.0, 'max_new_tokens': 4096}",0.67505586,0.8746680675069032
04_CelO.docx,"{'temperature': 0.8, 'top_k': 50, 'top_p': 0.9, 'max_new_tokens': 4096}",0.66502213,0.8710671389297318
04_CelO.docx,"{'temperature': 0.8, 'top_k': 50, 'top_p': 0.9, 'max_new_tokens': 4096}",0.66502213,0.8441570241557266
04_CelO.docx,"{'temperature': 0.8, 'top_k': 50, 'top_p': 0.9, 'max_new_tokens': 4096}",0.66502213,0.8751454756990118
04_CelO.docx,"{'temperature': 0.8, 'top_k': 50, 'top_p': 0.9, 'max_new_tokens': 4096}",0.66502213,0.8539948843018182
04_CelO.docx,"{'temperature': 0.8, 'top_k': 50, 'top_p': 0.9, 'max_new_tokens': 4096}",0.66502213,0.8819340467735909
04_CelO.docx,"{'temperature': 0.8, 'top_k': 50, 'top_p': 0.9, 'max_new_tokens': 4096}",0.66502213,0.8541097975487911
04_CelO.docx,"{'temperature': 0.8, 'top_k': 50, 'top_p': 0.9, 'max_new_tokens': 4096}",0.66502213,0.8513518463586578
04_CelO.docx,"{'temperature': 0.8, 'top_k': 50, 'top_p': 0.9, 'max_new_tokens': 4096}",0.66502213,0.850514590569005
04_CelO.docx,"{'temperature': 0.8, 'top_k': 50, 'top_p': 0.9, 'max_new_tokens': 4096}",0.66502213,0.875668413887199
04_CelO.docx,"{'temperature': 0.8, 'top_k': 50, 'top_p': 0.9, 'max_new_tokens': 4096}",0.66502213,0.8710594606003234
04_CelO.docx,"{'temperature': 1.0, 'top_k': None, 'top_p': 1.0, 'max_new_tokens': 2048}",0.48740068,0.7803128632596414
04_CelO.docx,"{'temperature': 1.0, 'top_k': None, 'top_p': 1.0, 'max_new_tokens': 2048}",0.48740068,0.7869954582782281
04_CelO.docx,"{'temperature': 1.0, 'top_k': None, 'top_p': 1.0, 'max_new_tokens': 2048}",0.48740068,0.7624559886951022
04_CelO.docx,"{'temperature': 1.0, 'top_k': None, 'top_p': 1.0, 'max_new_tokens': 2048}",0.48740068,0.7699357008198394
04_CelO.docx,"{'temperature': 1.0, 'top_k': None, 'top_p': 1.0, 'max_new_tokens': 2048}",0.48740068,0.7926876942722294
04_CelO.docx,"{'temperature': 1.0, 'top_k': None, 'top_p': 1.0, 'max_new_tokens': 2048}",0.48740068,0.7534147595785569
04_CelO.docx,"{'temperature': 1.0, 'top_k': None, 'top_p': 1.0, 'max_new_tokens': 2048}",0.48740068,0.7634918348443713
04_CelO.docx,"{'temperature': 1.0, 'top_k': None, 'top_p': 1.0, 'max_new_tokens': 2048}",0.48740068,0.7659812412017821
04_CelO.docx,"{'temperature': 1.0, 'top_k': None, 'top_p': 1.0, 'max_new_tokens': 2048}",0.48740068,0.7624588786778271
04_CelO.docx,"{'temperature': 1.0, 'top_k': None, 'top_p': 1.0, 'max_new_tokens': 2048}",0.48740068,0.7879138726489537
04_CelO.docx,"{'temperature': 1.1, 'top_k': None, 'top_p': 0.9, 'max_new_tokens': 2048}",0.68093264,0.8707310939063965
04_CelO.docx,"{'temperature': 1.1, 'top_k': None, 'top_p': 0.9, 'max_new_tokens': 2048}",0.68093264,0.8946572130301407
04_CelO.docx,"{'temperature': 1.1, 'top_k': None, 'top_p': 0.9, 'max_new_tokens': 2048}",0.68093264,0.8907408641682478
04_CelO.docx,"{'temperature': 1.1, 'top_k': None, 'top_p': 0.9, 'max_new_tokens': 2048}",0.68093264,0.8686478989363987
04_CelO.docx,"{'temperature': 1.1, 'top_k': None, 'top_p': 0.9, 'max_new_tokens': 2048}",0.68093264,0.8636940382132751
04_CelO.docx,"{'temperature': 1.1, 'top_k': None, 'top_p': 0.9, 'max_new_tokens': 2048}",0.68093264,0.8729480422460218
04_CelO.docx,"{'temperature': 1.1, 'top_k': None, 'top_p': 0.9, 'max_new_tokens': 2048}",0.68093264,0.8767844333116015
04_CelO.docx,"{'temperature': 1.1, 'top_k': None, 'top_p': 0.9, 'max_new_tokens': 2048}",0.68093264,0.8956794117729099
04_CelO.docx,"{'temperature': 1.1, 'top_k': None, 'top_p': 0.9, 'max_new_tokens': 2048}",0.68093264,0.8943762323072555
04_CelO.docx,"{'temperature': 1.1, 'top_k': None, 'top_p': 0.9, 'max_new_tokens': 2048}",0.68093264,0.86642753635491
04_CelO.docx,"{'temperature': 1.1, 'top_k': 50, 'top_p': 0.9, 'max_new_tokens': 3072}",0.61527514,0.78203376593791
04_CelO.docx,"{'temperature': 1.1, 'top_k': 50, 'top_p': 0.9, 'max_new_tokens': 3072}",0.61527514,0.8097864282042733
04_CelO.docx,"{'temperature': 1.1, 'top_k': 50, 'top_p': 0.9, 'max_new_tokens': 3072}",0.61527514,0.7968676324620405
04_CelO.docx,"{'temperature': 1.1, 'top_k': 50, 'top_p': 0.9, 'max_new_tokens': 3072}",0.61527514,0.7838255860123413
04_CelO.docx,"{'temperature': 1.1, 'top_k': 50, 'top_p': 0.9, 'max_new_tokens': 3072}",0.61527514,0.7955168826308209
04_CelO.docx,"{'temperature': 1.1, 'top_k': 50, 'top_p': 0.9, 'max_new_tokens': 3072}",0.61527514,0.7893230115662042
04_CelO.docx,"{'temperature': 1.1, 'top_k': 50, 'top_p': 0.9, 'max_new_tokens': 3072}",0.61527514,0.7904286555801172
04_CelO.docx,"{'temperature': 1.1, 'top_k': 50, 'top_p': 0.9, 'max_new_tokens': 3072}",0.61527514,0.8102833697056774
04_CelO.docx,"{'temperature': 1.1, 'top_k': 50, 'top_p': 0.9, 'max_new_tokens': 3072}",0.61527514,0.7803788096553265
04_CelO.docx,"{'temperature': 1.1, 'top_k': 50, 'top_p': 0.9, 'max_new_tokens': 3072}",0.61527514,0.7946812274311617
04_CelO.docx,"{'temperature': 1.1, 'top_k': 50, 'top_p': 0.9, 'max_new_tokens': 4096}",0.74253166,0.8633702740051357
04_CelO.docx,"{'temperature': 1.1, 'top_k': 50, 'top_p': 0.9, 'max_new_tokens': 4096}",0.74253166,0.8699563209868801
04_CelO.docx,"{'temperature': 1.1, 'top_k': 50, 'top_p': 0.9, 'max_new_tokens': 4096}",0.74253166,0.8979038143697143
04_CelO.docx,"{'temperature': 1.1, 'top_k': 50, 'top_p': 0.9, 'max_new_tokens': 4096}",0.74253166,0.89703970386646
04_CelO.docx,"{'temperature': 1.1, 'top_k': 50, 'top_p': 0.9, 'max_new_tokens': 4096}",0.74253166,0.8788301272127987
04_CelO.docx,"{'temperature': 1.1, 'top_k': 50, 'top_p': 0.9, 'max_new_tokens': 4096}",0.74253166,0.8822165998121854
04_CelO.docx,"{'temperature': 1.1, 'top_k': 50, 'top_p': 0.9, 'max_new_tokens': 4096}",0.74253166,0.8686075218276096
04_CelO.docx,"{'temperature': 1.1, 'top_k': 50, 'top_p': 0.9, 'max_new_tokens': 4096}",0.74253166,0.8813660204322267
04_CelO.docx,"{'temperature': 1.1, 'top_k': 50, 'top_p': 0.9, 'max_new_tokens': 4096}",0.74253166,0.8676499081419299
04_CelO.docx,"{'temperature': 1.1, 'top_k': 50, 'top_p': 0.9, 'max_new_tokens': 4096}",0.74253166,0.8894087959132562
09_TileO.docx,"{'temperature': 0.6, 'top_k': 50, 'top_p': 1.0, 'max_new_tokens': 4096}",0.7395051,0.8769724984475233
09_TileO.docx,"{'temperature': 0.6, 'top_k': 50, 'top_p': 1.0, 'max_new_tokens': 4096}",0.7395051,0.8662423749825859
09_TileO.docx,"{'temperature': 0.6, 'top_k': 50, 'top_p': 1.0, 'max_new_tokens': 4096}",0.7395051,0.8609978063955177
09_TileO.docx,"{'temperature': 0.6, 'top_k': 50, 'top_p': 1.0, 'max_new_tokens': 4096}",0.7395051,0.8445508575344715
09_TileO.docx,"{'temperature': 0.6, 'top_k': 50, 'top_p': 1.0, 'max_new_tokens': 4096}",0.7395051,0.8749436826726752
09_TileO.docx,"{'temperature': 0.6, 'top_k': 50, 'top_p': 1.0, 'max_new_tokens': 4096}",0.7395051,0.8437680093667892
09_TileO.docx,"{'temperature': 0.6, 'top_k': 50, 'top_p': 1.0, 'max_new_tokens': 4096}",0.7395051,0.8561655400972898
09_TileO.docx,"{'temperature': 0.6, 'top_k': 50, 'top_p': 1.0, 'max_new_tokens': 4096}",0.7395051,0.8542172307015057
09_TileO.docx,"{'temperature': 0.6, 'top_k': 50, 'top_p': 1.0, 'max_new_tokens': 4096}",0.7395051,0.8744463522986881
09_TileO.docx,"{'temperature': 0.6, 'top_k': 50, 'top_p': 1.0, 'max_new_tokens': 4096}",0.7395051,0.8733509414564052
09_TileO.docx,"{'temperature': 0.8, 'top_k': 50, 'top_p': 0.9, 'max_new_tokens': 4096}",0.7458208,0.9096957844090656
09_TileO.docx,"{'temperature': 0.8, 'top_k': 50, 'top_p': 0.9, 'max_new_tokens': 4096}",0.7458208,0.8954920051263834
09_TileO.docx,"{'temperature': 0.8, 'top_k': 50, 'top_p': 0.9, 'max_new_tokens': 4096}",0.7458208,0.9183212950239664
09_TileO.docx,"{'temperature': 0.8, 'top_k': 50, 'top_p': 0.9, 'max_new_tokens': 4096}",0.7458208,0.9109247981072822
09_TileO.docx,"{'temperature': 0.8, 'top_k': 50, 'top_p': 0.9, 'max_new_tokens': 4096}",0.7458208,0.8990523653254405
09_TileO.docx,"{'temperature': 0.8, 'top_k': 50, 'top_p': 0.9, 'max_new_tokens': 4096}",0.7458208,0.9040306256807494
09_TileO.docx,"{'temperature': 0.8, 'top_k': 50, 'top_p': 0.9, 'max_new_tokens': 4096}",0.7458208,0.9121461275285468
09_TileO.docx,"{'temperature': 0.8, 'top_k': 50, 'top_p': 0.9, 'max_new_tokens': 4096}",0.7458208,0.9029362726585076
09_TileO.docx,"{'temperature': 0.8, 'top_k': 50, 'top_p': 0.9, 'max_new_tokens': 4096}",0.7458208,0.8955872971306528
09_TileO.docx,"{'temperature': 0.8, 'top_k': 50, 'top_p': 0.9, 'max_new_tokens': 4096}",0.7458208,0.8970982123005998
09_TileO.docx,"{'temperature': 1.0, 'top_k': None, 'top_p': 1.0, 'max_new_tokens': 2048}",0.650368,0.8738756659402694
09_TileO.docx,"{'temperature': 1.0, 'top_k': None, 'top_p': 1.0, 'max_new_tokens': 2048}",0.650368,0.892476330015876
09_TileO.docx,"{'temperature': 1.0, 'top_k': None, 'top_p': 1.0, 'max_new_tokens': 2048}",0.650368,0.8627663788677031
09_TileO.docx,"{'temperature': 1.0, 'top_k': None, 'top_p': 1.0, 'max_new_tokens': 2048}",0.650368,0.8709122652132903
09_TileO.docx,"{'temperature': 1.0, 'top_k': None, 'top_p': 1.0, 'max_new_tokens': 2048}",0.650368,0.8964355528362316
09_TileO.docx,"{'temperature': 1.0, 'top_k': None, 'top_p': 1.0, 'max_new_tokens': 2048}",0.650368,0.8947667489781692
09_TileO.docx,"{'temperature': 1.0, 'top_k': None, 'top_p': 1.0, 'max_new_tokens': 2048}",0.650368,0.8678249940658116
09_TileO.docx,"{'temperature': 1.0, 'top_k': None, 'top_p': 1.0, 'max_new_tokens': 2048}",0.650368,0.8633176288345812
09_TileO.docx,"{'temperature': 1.0, 'top_k': None, 'top_p': 1.0, 'max_new_tokens': 2048}",0.650368,0.8875288275756488
09_TileO.docx,"{'temperature': 1.0, 'top_k': None, 'top_p': 1.0, 'max_new_tokens': 2048}",0.650368,0.8767650361807562
09_TileO.docx,"{'temperature': 1.1, 'top_k': None, 'top_p': 0.9, 'max_new_tokens': 2048}",0.6224681,0.8640572679470934
09_TileO.docx,"{'temperature': 1.1, 'top_k': None, 'top_p': 0.9, 'max_new_tokens': 2048}",0.6224681,0.8332371844373082
09_TileO.docx,"{'temperature': 1.1, 'top_k': None, 'top_p': 0.9, 'max_new_tokens': 2048}",0.6224681,0.8673389214799277
09_TileO.docx,"{'temperature': 1.1, 'top_k': None, 'top_p': 0.9, 'max_new_tokens': 2048}",0.6224681,0.8624136562420466
09_TileO.docx,"{'temperature': 1.1, 'top_k': None, 'top_p': 0.9, 'max_new_tokens': 2048}",0.6224681,0.8555078913144621
09_TileO.docx,"{'temperature': 1.1, 'top_k': None, 'top_p': 0.9, 'max_new_tokens': 2048}",0.6224681,0.865421465971587
09_TileO.docx,"{'temperature': 1.1, 'top_k': None, 'top_p': 0.9, 'max_new_tokens': 2048}",0.6224681,0.8379988571626829
09_TileO.docx,"{'temperature': 1.1, 'top_k': None, 'top_p': 0.9, 'max_new_tokens': 2048}",0.6224681,0.852101846942985
09_TileO.docx,"{'temperature': 1.1, 'top_k': None, 'top_p': 0.9, 'max_new_tokens': 2048}",0.6224681,0.8318415235571607
09_TileO.docx,"{'temperature': 1.1, 'top_k': None, 'top_p': 0.9, 'max_new_tokens': 2048}",0.6224681,0.8662875728131506
09_TileO.docx,"{'temperature': 1.1, 'top_k': 50, 'top_p': 0.9, 'max_new_tokens': 3072}",0.59229076,0.8460082765188482
09_TileO.docx,"{'temperature': 1.1, 'top_k': 50, 'top_p': 0.9, 'max_new_tokens': 3072}",0.59229076,0.8473718577971134
09_TileO.docx,"{'temperature': 1.1, 'top_k': 50, 'top_p': 0.9, 'max_new_tokens': 3072}",0.59229076,0.8404211148481499
09_TileO.docx,"{'temperature': 1.1, 'top_k': 50, 'top_p': 0.9, 'max_new_tokens': 3072}",0.59229076,0.8548383091948895
09_TileO.docx,"{'temperature': 1.1, 'top_k': 50, 'top_p': 0.9, 'max_new_tokens': 3072}",0.59229076,0.860794713822704
09_TileO.docx,"{'temperature': 1.1, 'top_k': 50, 'top_p': 0.9, 'max_new_tokens': 3072}",0.59229076,0.8680961287546823
09_TileO.docx,"{'temperature': 1.1, 'top_k': 50, 'top_p': 0.9, 'max_new_tokens': 3072}",0.59229076,0.8701681590668879
09_TileO.docx,"{'temperature': 1.1, 'top_k': 50, 'top_p': 0.9, 'max_new_tokens': 3072}",0.59229076,0.8663838905861149
09_TileO.docx,"{'temperature': 1.1, 'top_k': 50, 'top_p': 0.9, 'max_new_tokens': 3072}",0.59229076,0.8383557528953377
09_TileO.docx,"{'temperature': 1.1, 'top_k': 50, 'top_p': 0.9, 'max_new_tokens': 3072}",0.59229076,0.8648758942859256
09_TileO.docx,"{'temperature': 1.1, 'top_k': 50, 'top_p': 0.9, 'max_new_tokens': 4096}",0.7501184,0.8053404619478945
09_TileO.docx,"{'temperature': 1.1, 'top_k': 50, 'top_p': 0.9, 'max_new_tokens': 4096}",0.7501184,0.8040133427613565
09_TileO.docx,"{'temperature': 1.1, 'top_k': 50, 'top_p': 0.9, 'max_new_tokens': 4096}",0.7501184,0.8126606551438396
09_TileO.docx,"{'temperature': 1.1, 'top_k': 50, 'top_p': 0.9, 'max_new_tokens': 4096}",0.7501184,0.8238083541188286
09_TileO.docx,"{'temperature': 1.1, 'top_k': 50, 'top_p': 0.9, 'max_new_tokens': 4096}",0.7501184,0.8399212176165196
09_TileO.docx,"{'temperature': 1.1, 'top_k': 50, 'top_p': 0.9, 'max_new_tokens': 4096}",0.7501184,0.8231822644907227
09_TileO.docx,"{'temperature': 1.1, 'top_k': 50, 'top_p': 0.9, 'max_new_tokens': 4096}",0.7501184,0.8167601696365215
09_TileO.docx,"{'temperature': 1.1, 'top_k': 50, 'top_p': 0.9, 'max_new_tokens': 4096}",0.7501184,0.82087062814341
09_TileO.docx,"{'temperature': 1.1, 'top_k': 50, 'top_p': 0.9, 'max_new_tokens': 4096}",0.7501184,0.8177831004034529
09_TileO.docx,"{'temperature': 1.1, 'top_k': 50, 'top_p': 0.9, 'max_new_tokens': 4096}",0.7501184,0.8031396919064073
02_H2S.docx,"{'temperature': 0.6, 'top_k': 50, 'top_p': 1.0, 'max_new_tokens': 4096}",0.25953722,0.8185975788545043
02_H2S.docx,"{'temperature': 0.6, 'top_k': 50, 'top_p': 1.0, 'max_new_tokens': 4096}",0.25953722,0.7958743003360992
02_H2S.docx,"{'temperature': 0.6, 'top_k': 50, 'top_p': 1.0, 'max_new_tokens': 4096}",0.25953722,0.8171335967668056
02_H2S.docx,"{'temperature': 0.6, 'top_k': 50, 'top_p': 1.0, 'max_new_tokens': 4096}",0.25953722,0.7968169117679337
02_H2S.docx,"{'temperature': 0.6, 'top_k': 50, 'top_p': 1.0, 'max_new_tokens': 4096}",0.25953722,0.8105626371598107
02_H2S.docx,"{'temperature': 0.6, 'top_k': 50, 'top_p': 1.0, 'max_new_tokens': 4096}",0.25953722,0.8145722167176757
02_H2S.docx,"{'temperature': 0.6, 'top_k': 50, 'top_p': 1.0, 'max_new_tokens': 4096}",0.25953722,0.7963578696195313
02_H2S.docx,"{'temperature': 0.6, 'top_k': 50, 'top_p': 1.0, 'max_new_tokens': 4096}",0.25953722,0.8073744015251344
02_H2S.docx,"{'temperature': 0.6, 'top_k': 50, 'top_p': 1.0, 'max_new_tokens': 4096}",0.25953722,0.7953596254844263
02_H2S.docx,"{'temperature': 0.6, 'top_k': 50, 'top_p': 1.0, 'max_new_tokens': 4096}",0.25953722,0.8105513851559543
02_H2S.docx,"{'temperature': 0.8, 'top_k': 50, 'top_p': 0.9, 'max_new_tokens': 4096}",0.5872463,0.8204623620821546
02_H2S.docx,"{'temperature': 0.8, 'top_k': 50, 'top_p': 0.9, 'max_new_tokens': 4096}",0.5872463,0.8400815659130764
02_H2S.docx,"{'temperature': 0.8, 'top_k': 50, 'top_p': 0.9, 'max_new_tokens': 4096}",0.5872463,0.8326317869037031
02_H2S.docx,"{'temperature': 0.8, 'top_k': 50, 'top_p': 0.9, 'max_new_tokens': 4096}",0.5872463,0.8114027455559356
02_H2S.docx,"{'temperature': 0.8, 'top_k': 50, 'top_p': 0.9, 'max_new_tokens': 4096}",0.5872463,0.8338279593374401
02_H2S.docx,"{'temperature': 0.8, 'top_k': 50, 'top_p': 0.9, 'max_new_tokens': 4096}",0.5872463,0.8044728895906852
02_H2S.docx,"{'temperature': 0.8, 'top_k': 50, 'top_p': 0.9, 'max_new_tokens': 4096}",0.5872463,0.8224512316896873
02_H2S.docx,"{'temperature': 0.8, 'top_k': 50, 'top_p': 0.9, 'max_new_tokens': 4096}",0.5872463,0.8291520080513519
02_H2S.docx,"{'temperature': 0.8, 'top_k': 50, 'top_p': 0.9, 'max_new_tokens': 4096}",0.5872463,0.8073919026944557
02_H2S.docx,"{'temperature': 0.8, 'top_k': 50, 'top_p': 0.9, 'max_new_tokens': 4096}",0.5872463,0.8283269812741915
02_H2S.docx,"{'temperature': 1.0, 'top_k': None, 'top_p': 1.0, 'max_new_tokens': 2048}",0.5231087,0.7634459438995297
02_H2S.docx,"{'temperature': 1.0, 'top_k': None, 'top_p': 1.0, 'max_new_tokens': 2048}",0.5231087,0.7321276472471137
02_H2S.docx,"{'temperature': 1.0, 'top_k': None, 'top_p': 1.0, 'max_new_tokens': 2048}",0.5231087,0.7400852090828862
02_H2S.docx,"{'temperature': 1.0, 'top_k': None, 'top_p': 1.0, 'max_new_tokens': 2048}",0.5231087,0.7411542873141838
02_H2S.docx,"{'temperature': 1.0, 'top_k': None, 'top_p': 1.0, 'max_new_tokens': 2048}",0.5231087,0.7632473338248642
02_H2S.docx,"{'temperature': 1.0, 'top_k': None, 'top_p': 1.0, 'max_new_tokens': 2048}",0.5231087,0.7435646604324981
02_H2S.docx,"{'temperature': 1.0, 'top_k': None, 'top_p': 1.0, 'max_new_tokens': 2048}",0.5231087,0.7532527598586798
02_H2S.docx,"{'temperature': 1.0, 'top_k': None, 'top_p': 1.0, 'max_new_tokens': 2048}",0.5231087,0.7586504251221473
02_H2S.docx,"{'temperature': 1.0, 'top_k': None, 'top_p': 1.0, 'max_new_tokens': 2048}",0.5231087,0.7543349207674541
02_H2S.docx,"{'temperature': 1.0, 'top_k': None, 'top_p': 1.0, 'max_new_tokens': 2048}",0.5231087,0.736046295522975
02_H2S.docx,"{'temperature': 1.1, 'top_k': None, 'top_p': 0.9, 'max_new_tokens': 2048}",0.6434331,0.7974147574242314
02_H2S.docx,"{'temperature': 1.1, 'top_k': None, 'top_p': 0.9, 'max_new_tokens': 2048}",0.6434331,0.782524467405682
02_H2S.docx,"{'temperature': 1.1, 'top_k': None, 'top_p': 0.9, 'max_new_tokens': 2048}",0.6434331,0.785064602459979
02_H2S.docx,"{'temperature': 1.1, 'top_k': None, 'top_p': 0.9, 'max_new_tokens': 2048}",0.6434331,0.7847204962731428
02_H2S.docx,"{'temperature': 1.1, 'top_k': None, 'top_p': 0.9, 'max_new_tokens': 2048}",0.6434331,0.7783896888605826
02_H2S.docx,"{'temperature': 1.1, 'top_k': None, 'top_p': 0.9, 'max_new_tokens': 2048}",0.6434331,0.7862267033356967
02_H2S.docx,"{'temperature': 1.1, 'top_k': None, 'top_p': 0.9, 'max_new_tokens': 2048}",0.6434331,0.7830451903223141
02_H2S.docx,"{'temperature': 1.1, 'top_k': None, 'top_p': 0.9, 'max_new_tokens': 2048}",0.6434331,0.7961171801255637
02_H2S.docx,"{'temperature': 1.1, 'top_k': None, 'top_p': 0.9, 'max_new_tokens': 2048}",0.6434331,0.8054641873966952
02_H2S.docx,"{'temperature': 1.1, 'top_k': None, 'top_p': 0.9, 'max_new_tokens': 2048}",0.6434331,0.8032713525759343
02_H2S.docx,"{'temperature': 1.1, 'top_k': 50, 'top_p': 0.9, 'max_new_tokens': 3072}",0.6082851,0.7740008121404425
02_H2S.docx,"{'temperature': 1.1, 'top_k': 50, 'top_p': 0.9, 'max_new_tokens': 3072}",0.6082851,0.7782826675437039
02_H2S.docx,"{'temperature': 1.1, 'top_k': 50, 'top_p': 0.9, 'max_new_tokens': 3072}",0.6082851,0.7920604768870415
02_H2S.docx,"{'temperature': 1.1, 'top_k': 50, 'top_p': 0.9, 'max_new_tokens': 3072}",0.6082851,0.7807995027157094
02_H2S.docx,"{'temperature': 1.1, 'top_k': 50, 'top_p': 0.9, 'max_new_tokens': 3072}",0.6082851,0.7707996873155656
02_H2S.docx,"{'temperature': 1.1, 'top_k': 50, 'top_p': 0.9, 'max_new_tokens': 3072}",0.6082851,0.8023506473804587
02_H2S.docx,"{'temperature': 1.1, 'top_k': 50, 'top_p': 0.9, 'max_new_tokens': 3072}",0.6082851,0.7939394943400386
02_H2S.docx,"{'temperature': 1.1, 'top_k': 50, 'top_p': 0.9, 'max_new_tokens': 3072}",0.6082851,0.786304066258986
02_H2S.docx,"{'temperature': 1.1, 'top_k': 50, 'top_p': 0.9, 'max_new_tokens': 3072}",0.6082851,0.7680217201654833
02_H2S.docx,"{'temperature': 1.1, 'top_k': 50, 'top_p': 0.9, 'max_new_tokens': 3072}",0.6082851,0.8020428250104097
02_H2S.docx,"{'temperature': 1.1, 'top_k': 50, 'top_p': 0.9, 'max_new_tokens': 4096}",0.73053986,0.8823349159709268
02_H2S.docx,"{'temperature': 1.1, 'top_k': 50, 'top_p': 0.9, 'max_new_tokens': 4096}",0.73053986,0.875941709883565
02_H2S.docx,"{'temperature': 1.1, 'top_k': 50, 'top_p': 0.9, 'max_new_tokens': 4096}",0.73053986,0.8868559464603541
02_H2S.docx,"{'temperature': 1.1, 'top_k': 50, 'top_p': 0.9, 'max_new_tokens': 4096}",0.73053986,0.8560259872329512
02_H2S.docx,"{'temperature': 1.1, 'top_k': 50, 'top_p': 0.9, 'max_new_tokens': 4096}",0.73053986,0.8572460241098421
02_H2S.docx,"{'temperature': 1.1, 'top_k': 50, 'top_p': 0.9, 'max_new_tokens': 4096}",0.73053986,0.8796029200082295
02_H2S.docx,"{'temperature': 1.1, 'top_k': 50, 'top_p': 0.9, 'max_new_tokens': 4096}",0.73053986,0.8802208876223723
02_H2S.docx,"{'temperature': 1.1, 'top_k': 50, 'top_p': 0.9, 'max_new_tokens': 4096}",0.73053986,0.8540251898961894
02_H2S.docx,"{'temperature': 1.1, 'top_k': 50, 'top_p': 0.9, 'max_new_tokens': 4096}",0.73053986,0.8724908654708277
02_H2S.docx,"{'temperature': 1.1, 'top_k': 50, 'top_p': 0.9, 'max_new_tokens': 4096}",0.73053986,0.8540668046809394
05_TSS.docx,"{'temperature': 0.6, 'top_k': 50, 'top_p': 1.0, 'max_new_tokens': 4096}",0.5954332,0.7833070491565443
05_TSS.docx,"{'temperature': 0.6, 'top_k': 50, 'top_p': 1.0, 'max_new_tokens': 4096}",0.5954332,0.7695342171373004
05_TSS.docx,"{'temperature': 0.6, 'top_k': 50, 'top_p': 1.0, 'max_new_tokens': 4096}",0.5954332,0.7694046272772378
05_TSS.docx,"{'temperature': 0.6, 'top_k': 50, 'top_p': 1.0, 'max_new_tokens': 4096}",0.5954332,0.7751273653683542
05_TSS.docx,"{'temperature': 0.6, 'top_k': 50, 'top_p': 1.0, 'max_new_tokens': 4096}",0.5954332,0.7732724618415677
05_TSS.docx,"{'temperature': 0.6, 'top_k': 50, 'top_p': 1.0, 'max_new_tokens': 4096}",0.5954332,0.7813334582229873
05_TSS.docx,"{'temperature': 0.6, 'top_k': 50, 'top_p': 1.0, 'max_new_tokens': 4096}",0.5954332,0.7798985104921103
05_TSS.docx,"{'temperature': 0.6, 'top_k': 50, 'top_p': 1.0, 'max_new_tokens': 4096}",0.5954332,0.7693510355011218
05_TSS.docx,"{'temperature': 0.6, 'top_k': 50, 'top_p': 1.0, 'max_new_tokens': 4096}",0.5954332,0.7706010354931753
05_TSS.docx,"{'temperature': 0.6, 'top_k': 50, 'top_p': 1.0, 'max_new_tokens': 4096}",0.5954332,0.7671847028637003
05_TSS.docx,"{'temperature': 0.8, 'top_k': 50, 'top_p': 0.9, 'max_new_tokens': 4096}",0.71928686,0.816336551751505
05_TSS.docx,"{'temperature': 0.8, 'top_k': 50, 'top_p': 0.9, 'max_new_tokens': 4096}",0.71928686,0.8236007597006622
05_TSS.docx,"{'temperature': 0.8, 'top_k': 50, 'top_p': 0.9, 'max_new_tokens': 4096}",0.71928686,0.8057661689208666
05_TSS.docx,"{'temperature': 0.8, 'top_k': 50, 'top_p': 0.9, 'max_new_tokens': 4096}",0.71928686,0.8001040368466396
05_TSS.docx,"{'temperature': 0.8, 'top_k': 50, 'top_p': 0.9, 'max_new_tokens': 4096}",0.71928686,0.7954082606541394
05_TSS.docx,"{'temperature': 0.8, 'top_k': 50, 'top_p': 0.9, 'max_new_tokens': 4096}",0.71928686,0.8000080711311117
05_TSS.docx,"{'temperature': 0.8, 'top_k': 50, 'top_p': 0.9, 'max_new_tokens': 4096}",0.71928686,0.7896527445566832
05_TSS.docx,"{'temperature': 0.8, 'top_k': 50, 'top_p': 0.9, 'max_new_tokens': 4096}",0.71928686,0.8128367024598611
05_TSS.docx,"{'temperature': 0.8, 'top_k': 50, 'top_p': 0.9, 'max_new_tokens': 4096}",0.71928686,0.8227146928987652
05_TSS.docx,"{'temperature': 0.8, 'top_k': 50, 'top_p': 0.9, 'max_new_tokens': 4096}",0.71928686,0.806286789380611
05_TSS.docx,"{'temperature': 1.0, 'top_k': None, 'top_p': 1.0, 'max_new_tokens': 2048}",0.38533032,0.8005368708896947
05_TSS.docx,"{'temperature': 1.0, 'top_k': None, 'top_p': 1.0, 'max_new_tokens': 2048}",0.38533032,0.7990745582379981
05_TSS.docx,"{'temperature': 1.0, 'top_k': None, 'top_p': 1.0, 'max_new_tokens': 2048}",0.38533032,0.7869420218529688
05_TSS.docx,"{'temperature': 1.0, 'top_k': None, 'top_p': 1.0, 'max_new_tokens': 2048}",0.38533032,0.7781973332276353
05_TSS.docx,"{'temperature': 1.0, 'top_k': None, 'top_p': 1.0, 'max_new_tokens': 2048}",0.38533032,0.7941579880498664
05_TSS.docx,"{'temperature': 1.0, 'top_k': None, 'top_p': 1.0, 'max_new_tokens': 2048}",0.38533032,0.7813967279010154
05_TSS.docx,"{'temperature': 1.0, 'top_k': None, 'top_p': 1.0, 'max_new_tokens': 2048}",0.38533032,0.8156395772380521
05_TSS.docx,"{'temperature': 1.0, 'top_k': None, 'top_p': 1.0, 'max_new_tokens': 2048}",0.38533032,0.8051110887227092
05_TSS.docx,"{'temperature': 1.0, 'top_k': None, 'top_p': 1.0, 'max_new_tokens': 2048}",0.38533032,0.7872167403496613
05_TSS.docx,"{'temperature': 1.0, 'top_k': None, 'top_p': 1.0, 'max_new_tokens': 2048}",0.38533032,0.8050430153118656
05_TSS.docx,"{'temperature': 1.1, 'top_k': None, 'top_p': 0.9, 'max_new_tokens': 2048}",0.36563906,0.7399052427850932
05_TSS.docx,"{'temperature': 1.1, 'top_k': None, 'top_p': 0.9, 'max_new_tokens': 2048}",0.36563906,0.7146171762753297
05_TSS.docx,"{'temperature': 1.1, 'top_k': None, 'top_p': 0.9, 'max_new_tokens': 2048}",0.36563906,0.7427502341611879
05_TSS.docx,"{'temperature': 1.1, 'top_k': None, 'top_p': 0.9, 'max_new_tokens': 2048}",0.36563906,0.7372911334989071
05_TSS.docx,"{'temperature': 1.1, 'top_k': None, 'top_p': 0.9, 'max_new_tokens': 2048}",0.36563906,0.7498751092507739
05_TSS.docx,"{'temperature': 1.1, 'top_k': None, 'top_p': 0.9, 'max_new_tokens': 2048}",0.36563906,0.7186961075415864
05_TSS.docx,"{'temperature': 1.1, 'top_k': None, 'top_p': 0.9, 'max_new_tokens': 2048}",0.36563906,0.7151670649261774
05_TSS.docx,"{'temperature': 1.1, 'top_k': None, 'top_p': 0.9, 'max_new_tokens': 2048}",0.36563906,0.738701336016136
05_TSS.docx,"{'temperature': 1.1, 'top_k': None, 'top_p': 0.9, 'max_new_tokens': 2048}",0.36563906,0.7185839742102172
05_TSS.docx,"{'temperature': 1.1, 'top_k': None, 'top_p': 0.9, 'max_new_tokens': 2048}",0.36563906,0.7269528884790053
05_TSS.docx,"{'temperature': 1.1, 'top_k': 50, 'top_p': 0.9, 'max_new_tokens': 3072}",0.67304176,0.8672779028887883
05_TSS.docx,"{'temperature': 1.1, 'top_k': 50, 'top_p': 0.9, 'max_new_tokens': 3072}",0.67304176,0.8554470312923205
05_TSS.docx,"{'temperature': 1.1, 'top_k': 50, 'top_p': 0.9, 'max_new_tokens': 3072}",0.67304176,0.8848319202156981
05_TSS.docx,"{'temperature': 1.1, 'top_k': 50, 'top_p': 0.9, 'max_new_tokens': 3072}",0.67304176,0.8571060980389442
05_TSS.docx,"{'temperature': 1.1, 'top_k': 50, 'top_p': 0.9, 'max_new_tokens': 3072}",0.67304176,0.8784915465584507
05_TSS.docx,"{'temperature': 1.1, 'top_k': 50, 'top_p': 0.9, 'max_new_tokens': 3072}",0.67304176,0.8551616279222589
05_TSS.docx,"{'temperature': 1.1, 'top_k': 50, 'top_p': 0.9, 'max_new_tokens': 3072}",0.67304176,0.8562684206696979
05_TSS.docx,"{'temperature': 1.1, 'top_k': 50, 'top_p': 0.9, 'max_new_tokens': 3072}",0.67304176,0.8927998774415312
05_TSS.docx,"{'temperature': 1.1, 'top_k': 50, 'top_p': 0.9, 'max_new_tokens': 3072}",0.67304176,0.8785334098454434
05_TSS.docx,"{'temperature': 1.1, 'top_k': 50, 'top_p': 0.9, 'max_new_tokens': 3072}",0.67304176,0.8593505892703913
05_TSS.docx,"{'temperature': 1.1, 'top_k': 50, 'top_p': 0.9, 'max_new_tokens': 4096}",0.7268882,0.8961781200232845
05_TSS.docx,"{'temperature': 1.1, 'top_k': 50, 'top_p': 0.9, 'max_new_tokens': 4096}",0.7268882,0.8934581471770915
05_TSS.docx,"{'temperature': 1.1, 'top_k': 50, 'top_p': 0.9, 'max_new_tokens': 4096}",0.7268882,0.9061437722088496
05_TSS.docx,"{'temperature': 1.1, 'top_k': 50, 'top_p': 0.9, 'max_new_tokens': 4096}",0.7268882,0.8830444441781653
05_TSS.docx,"{'temperature': 1.1, 'top_k': 50, 'top_p': 0.9, 'max_new_tokens': 4096}",0.7268882,0.9052235913019752
05_TSS.docx,"{'temperature': 1.1, 'top_k': 50, 'top_p': 0.9, 'max_new_tokens': 4096}",0.7268882,0.8698644263395203
05_TSS.docx,"{'temperature': 1.1, 'top_k': 50, 'top_p': 0.9, 'max_new_tokens': 4096}",0.7268882,0.8953132206421037
05_TSS.docx,"{'temperature': 1.1, 'top_k': 50, 'top_p': 0.9, 'max_new_tokens': 4096}",0.7268882,0.8963194098326838
05_TSS.docx,"{'temperature': 1.1, 'top_k': 50, 'top_p': 0.9, 'max_new_tokens': 4096}",0.7268882,0.8865573910877742
05_TSS.docx,"{'temperature': 1.1, 'top_k': 50, 'top_p': 0.9, 'max_new_tokens': 4096}",0.7268882,0.9047893065819318
08_Block.docx,"{'temperature': 0.6, 'top_k': 50, 'top_p': 1.0, 'max_new_tokens': 4096}",0.66883695,0.8886421199762136
08_Block.docx,"{'temperature': 0.6, 'top_k': 50, 'top_p': 1.0, 'max_new_tokens': 4096}",0.66883695,0.8651671682607551
08_Block.docx,"{'temperature': 0.6, 'top_k': 50, 'top_p': 1.0, 'max_new_tokens': 4096}",0.66883695,0.873320992242211
08_Block.docx,"{'temperature': 0.6, 'top_k': 50, 'top_p': 1.0, 'max_new_tokens': 4096}",0.66883695,0.8551112451146342
08_Block.docx,"{'temperature': 0.6, 'top_k': 50, 'top_p': 1.0, 'max_new_tokens': 4096}",0.66883695,0.8707101217172294
08_Block.docx,"{'temperature': 0.6, 'top_k': 50, 'top_p': 1.0, 'max_new_tokens': 4096}",0.66883695,0.8709477525275695
08_Block.docx,"{'temperature': 0.6, 'top_k': 50, 'top_p': 1.0, 'max_new_tokens': 4096}",0.66883695,0.8900566772280504
08_Block.docx,"{'temperature': 0.6, 'top_k': 50, 'top_p': 1.0, 'max_new_tokens': 4096}",0.66883695,0.8648699626179005
08_Block.docx,"{'temperature': 0.6, 'top_k': 50, 'top_p': 1.0, 'max_new_tokens': 4096}",0.66883695,0.8711010432177576
08_Block.docx,"{'temperature': 0.6, 'top_k': 50, 'top_p': 1.0, 'max_new_tokens': 4096}",0.66883695,0.8832266254028043
08_Block.docx,"{'temperature': 0.8, 'top_k': 50, 'top_p': 0.9, 'max_new_tokens': 4096}",0.678129,0.8908647091784095
08_Block.docx,"{'temperature': 0.8, 'top_k': 50, 'top_p': 0.9, 'max_new_tokens': 4096}",0.678129,0.8797987873667694
08_Block.docx,"{'temperature': 0.8, 'top_k': 50, 'top_p': 0.9, 'max_new_tokens': 4096}",0.678129,0.9031528771132944
08_Block.docx,"{'temperature': 0.8, 'top_k': 50, 'top_p': 0.9, 'max_new_tokens': 4096}",0.678129,0.8878615397512242
08_Block.docx,"{'temperature': 0.8, 'top_k': 50, 'top_p': 0.9, 'max_new_tokens': 4096}",0.678129,0.8816281416774805
08_Block.docx,"{'temperature': 0.8, 'top_k': 50, 'top_p': 0.9, 'max_new_tokens': 4096}",0.678129,0.912594344388242
08_Block.docx,"{'temperature': 0.8, 'top_k': 50, 'top_p': 0.9, 'max_new_tokens': 4096}",0.678129,0.8941559830361779
08_Block.docx,"{'temperature': 0.8, 'top_k': 50, 'top_p': 0.9, 'max_new_tokens': 4096}",0.678129,0.9146750368412576
08_Block.docx,"{'temperature': 0.8, 'top_k': 50, 'top_p': 0.9, 'max_new_tokens': 4096}",0.678129,0.915353958918436
08_Block.docx,"{'temperature': 0.8, 'top_k': 50, 'top_p': 0.9, 'max_new_tokens': 4096}",0.678129,0.8963997316338863
08_Block.docx,"{'temperature': 1.0, 'top_k': None, 'top_p': 1.0, 'max_new_tokens': 2048}",0.49138767,0.7866964399257127
08_Block.docx,"{'temperature': 1.0, 'top_k': None, 'top_p': 1.0, 'max_new_tokens': 2048}",0.49138767,0.7611790414241054
08_Block.docx,"{'temperature': 1.0, 'top_k': None, 'top_p': 1.0, 'max_new_tokens': 2048}",0.49138767,0.7726116947317508
08_Block.docx,"{'temperature': 1.0, 'top_k': None, 'top_p': 1.0, 'max_new_tokens': 2048}",0.49138767,0.7657900441296777
08_Block.docx,"{'temperature': 1.0, 'top_k': None, 'top_p': 1.0, 'max_new_tokens': 2048}",0.49138767,0.7862045613901243
08_Block.docx,"{'temperature': 1.0, 'top_k': None, 'top_p': 1.0, 'max_new_tokens': 2048}",0.49138767,0.7895364923039283
08_Block.docx,"{'temperature': 1.0, 'top_k': None, 'top_p': 1.0, 'max_new_tokens': 2048}",0.49138767,0.7983057234804091
08_Block.docx,"{'temperature': 1.0, 'top_k': None, 'top_p': 1.0, 'max_new_tokens': 2048}",0.49138767,0.770093953559365
08_Block.docx,"{'temperature': 1.0, 'top_k': None, 'top_p': 1.0, 'max_new_tokens': 2048}",0.49138767,0.7824201697968552
08_Block.docx,"{'temperature': 1.0, 'top_k': None, 'top_p': 1.0, 'max_new_tokens': 2048}",0.49138767,0.7749821867130047
08_Block.docx,"{'temperature': 1.1, 'top_k': None, 'top_p': 0.9, 'max_new_tokens': 2048}",0.679626,0.8635114174357099
08_Block.docx,"{'temperature': 1.1, 'top_k': None, 'top_p': 0.9, 'max_new_tokens': 2048}",0.679626,0.8806102385247052
08_Block.docx,"{'temperature': 1.1, 'top_k': None, 'top_p': 0.9, 'max_new_tokens': 2048}",0.679626,0.8886388968819613
08_Block.docx,"{'temperature': 1.1, 'top_k': None, 'top_p': 0.9, 'max_new_tokens': 2048}",0.679626,0.8614145022668818
08_Block.docx,"{'temperature': 1.1, 'top_k': None, 'top_p': 0.9, 'max_new_tokens': 2048}",0.679626,0.8838997688852249
08_Block.docx,"{'temperature': 1.1, 'top_k': None, 'top_p': 0.9, 'max_new_tokens': 2048}",0.679626,0.8706182331510467
08_Block.docx,"{'temperature': 1.1, 'top_k': None, 'top_p': 0.9, 'max_new_tokens': 2048}",0.679626,0.8731882482074496
08_Block.docx,"{'temperature': 1.1, 'top_k': None, 'top_p': 0.9, 'max_new_tokens': 2048}",0.679626,0.8708938743789325
08_Block.docx,"{'temperature': 1.1, 'top_k': None, 'top_p': 0.9, 'max_new_tokens': 2048}",0.679626,0.8859252061466206
08_Block.docx,"{'temperature': 1.1, 'top_k': None, 'top_p': 0.9, 'max_new_tokens': 2048}",0.679626,0.8656721770530548
08_Block.docx,"{'temperature': 1.1, 'top_k': 50, 'top_p': 0.9, 'max_new_tokens': 3072}",0.633672,0.8208391175962576
08_Block.docx,"{'temperature': 1.1, 'top_k': 50, 'top_p': 0.9, 'max_new_tokens': 3072}",0.633672,0.855045512773398
08_Block.docx,"{'temperature': 1.1, 'top_k': 50, 'top_p': 0.9, 'max_new_tokens': 3072}",0.633672,0.8410682472328037
08_Block.docx,"{'temperature': 1.1, 'top_k': 50, 'top_p': 0.9, 'max_new_tokens': 3072}",0.633672,0.8422880221417524
08_Block.docx,"{'temperature': 1.1, 'top_k': 50, 'top_p': 0.9, 'max_new_tokens': 3072}",0.633672,0.8303509873366239
08_Block.docx,"{'temperature': 1.1, 'top_k': 50, 'top_p': 0.9, 'max_new_tokens': 3072}",0.633672,0.8541822552018073
08_Block.docx,"{'temperature': 1.1, 'top_k': 50, 'top_p': 0.9, 'max_new_tokens': 3072}",0.633672,0.8320045256981402
08_Block.docx,"{'temperature': 1.1, 'top_k': 50, 'top_p': 0.9, 'max_new_tokens': 3072}",0.633672,0.8559847197762933
08_Block.docx,"{'temperature': 1.1, 'top_k': 50, 'top_p': 0.9, 'max_new_tokens': 3072}",0.633672,0.8583793317777055
08_Block.docx,"{'temperature': 1.1, 'top_k': 50, 'top_p': 0.9, 'max_new_tokens': 3072}",0.633672,0.8244884255774201
08_Block.docx,"{'temperature': 1.1, 'top_k': 50, 'top_p': 0.9, 'max_new_tokens': 4096}",0.7177685,0.900807700737434
08_Block.docx,"{'temperature': 1.1, 'top_k': 50, 'top_p': 0.9, 'max_new_tokens': 4096}",0.7177685,0.8895706069870501
08_Block.docx,"{'temperature': 1.1, 'top_k': 50, 'top_p': 0.9, 'max_new_tokens': 4096}",0.7177685,0.8677521696577399
08_Block.docx,"{'temperature': 1.1, 'top_k': 50, 'top_p': 0.9, 'max_new_tokens': 4096}",0.7177685,0.8866468635671032
08_Block.docx,"{'temperature': 1.1, 'top_k': 50, 'top_p': 0.9, 'max_new_tokens': 4096}",0.7177685,0.8673181202807337
08_Block.docx,"{'temperature': 1.1, 'top_k': 50, 'top_p': 0.9, 'max_new_tokens': 4096}",0.7177685,0.8981847220421043
08_Block.docx,"{'temperature': 1.1, 'top_k': 50, 'top_p': 0.9, 'max_new_tokens': 4096}",0.7177685,0.8900979651212043
08_Block.docx,"{'temperature': 1.1, 'top_k': 50, 'top_p': 0.9, 'max_new_tokens': 4096}",0.7177685,0.8943556454713403
08_Block.docx,"{'temperature': 1.1, 'top_k': 50, 'top_p': 0.9, 'max_new_tokens': 4096}",0.7177685,0.8735348794607006
08_Block.docx,"{'temperature': 1.1, 'top_k': 50, 'top_p': 0.9, 'max_new_tokens': 4096}",0.7177685,0.9045486568428258
