Solution,Cosine,BERT,File
"{'temperature': 0.6, 'top_k': 50, 'top_p': 1.0, 'max_new_tokens': 4096}",0.9169428295332154,0.9316516309423016,10_HBMS.docx
"{'temperature': 0.6, 'top_k': 50, 'top_p': 1.0, 'max_new_tokens': 4096}",0.8984384649621272,0.9353978436212874,10_HBMS.docx
"{'temperature': 0.6, 'top_k': 50, 'top_p': 1.0, 'max_new_tokens': 4096}",0.8949886149566112,0.9368050218911296,10_HBMS.docx
"{'temperature': 0.6, 'top_k': 50, 'top_p': 1.0, 'max_new_tokens': 4096}",0.929443151580336,0.928915718949422,10_HBMS.docx
"{'temperature': 0.6, 'top_k': 50, 'top_p': 1.0, 'max_new_tokens': 4096}",0.8954013677044168,0.9468621446363884,10_HBMS.docx
"{'temperature': 0.6, 'top_k': 50, 'top_p': 1.0, 'max_new_tokens': 4096}",0.9063308519342052,0.9459182140222404,10_HBMS.docx
"{'temperature': 0.6, 'top_k': 50, 'top_p': 1.0, 'max_new_tokens': 4096}",0.9066935599237989,0.9178211768193236,10_HBMS.docx
"{'temperature': 0.6, 'top_k': 50, 'top_p': 1.0, 'max_new_tokens': 4096}",0.926041315283893,0.915380896697261,10_HBMS.docx
"{'temperature': 0.6, 'top_k': 50, 'top_p': 1.0, 'max_new_tokens': 4096}",0.9031282235362624,0.9291893512277488,10_HBMS.docx
"{'temperature': 0.6, 'top_k': 50, 'top_p': 1.0, 'max_new_tokens': 4096}",0.9313705068930598,0.9214362677817418,10_HBMS.docx
"{'temperature': 0.8, 'top_k': 50, 'top_p': 0.9, 'max_new_tokens': 4096}",0.906048390248128,0.752292211947946,10_HBMS.docx
"{'temperature': 0.8, 'top_k': 50, 'top_p': 0.9, 'max_new_tokens': 4096}",0.8880258851594817,0.7467100703705012,10_HBMS.docx
"{'temperature': 0.8, 'top_k': 50, 'top_p': 0.9, 'max_new_tokens': 4096}",0.8865419149357261,0.7485302612428308,10_HBMS.docx
"{'temperature': 0.8, 'top_k': 50, 'top_p': 0.9, 'max_new_tokens': 4096}",0.8980367058578654,0.7663041732932078,10_HBMS.docx
"{'temperature': 0.8, 'top_k': 50, 'top_p': 0.9, 'max_new_tokens': 4096}",0.8864649721548495,0.7616715708087488,10_HBMS.docx
"{'temperature': 0.8, 'top_k': 50, 'top_p': 0.9, 'max_new_tokens': 4096}",0.8972077714781657,0.7646544826396391,10_HBMS.docx
"{'temperature': 0.8, 'top_k': 50, 'top_p': 0.9, 'max_new_tokens': 4096}",0.9088904192118747,0.7840025385799998,10_HBMS.docx
"{'temperature': 0.8, 'top_k': 50, 'top_p': 0.9, 'max_new_tokens': 4096}",0.914291570185124,0.7797308984248876,10_HBMS.docx
"{'temperature': 0.8, 'top_k': 50, 'top_p': 0.9, 'max_new_tokens': 4096}",0.8909010942531327,0.772575667570486,10_HBMS.docx
"{'temperature': 0.8, 'top_k': 50, 'top_p': 0.9, 'max_new_tokens': 4096}",0.8790612247575199,0.757752567109143,10_HBMS.docx
"{'temperature': 1.0, 'top_k': None, 'top_p': 1.0, 'max_new_tokens': 2048}",0.7326048963979058,0.7546779956306864,10_HBMS.docx
"{'temperature': 1.0, 'top_k': None, 'top_p': 1.0, 'max_new_tokens': 2048}",0.7083633320285646,0.7705118813870182,10_HBMS.docx
"{'temperature': 1.0, 'top_k': None, 'top_p': 1.0, 'max_new_tokens': 2048}",0.717889306443657,0.7680510528534109,10_HBMS.docx
"{'temperature': 1.0, 'top_k': None, 'top_p': 1.0, 'max_new_tokens': 2048}",0.709268824676347,0.7448712262815896,10_HBMS.docx
"{'temperature': 1.0, 'top_k': None, 'top_p': 1.0, 'max_new_tokens': 2048}",0.7115583427505847,0.743948375531532,10_HBMS.docx
"{'temperature': 1.0, 'top_k': None, 'top_p': 1.0, 'max_new_tokens': 2048}",0.7370143106247938,0.7624270957953329,10_HBMS.docx
"{'temperature': 1.0, 'top_k': None, 'top_p': 1.0, 'max_new_tokens': 2048}",0.7215880386034763,0.7622695644649207,10_HBMS.docx
"{'temperature': 1.0, 'top_k': None, 'top_p': 1.0, 'max_new_tokens': 2048}",0.7286900517588225,0.7520813232347993,10_HBMS.docx
"{'temperature': 1.0, 'top_k': None, 'top_p': 1.0, 'max_new_tokens': 2048}",0.7342423606914001,0.7482661805964119,10_HBMS.docx
"{'temperature': 1.0, 'top_k': None, 'top_p': 1.0, 'max_new_tokens': 2048}",0.7261983555601333,0.7517201636994953,10_HBMS.docx
"{'temperature': 1.1, 'top_k': None, 'top_p': 0.9, 'max_new_tokens': 2048}",0.9075897992871554,0.7862642245920942,10_HBMS.docx
"{'temperature': 1.1, 'top_k': None, 'top_p': 0.9, 'max_new_tokens': 2048}",0.936941281109739,0.8038082599089814,10_HBMS.docx
"{'temperature': 1.1, 'top_k': None, 'top_p': 0.9, 'max_new_tokens': 2048}",0.940437212464478,0.8106181657691092,10_HBMS.docx
"{'temperature': 1.1, 'top_k': None, 'top_p': 0.9, 'max_new_tokens': 2048}",0.9409683985877328,0.8148156197508909,10_HBMS.docx
"{'temperature': 1.1, 'top_k': None, 'top_p': 0.9, 'max_new_tokens': 2048}",0.9155429836907192,0.8060311312006185,10_HBMS.docx
"{'temperature': 1.1, 'top_k': None, 'top_p': 0.9, 'max_new_tokens': 2048}",0.9370957237075496,0.7864495978286669,10_HBMS.docx
"{'temperature': 1.1, 'top_k': None, 'top_p': 0.9, 'max_new_tokens': 2048}",0.9369857967425796,0.7944685549655316,10_HBMS.docx
"{'temperature': 1.1, 'top_k': None, 'top_p': 0.9, 'max_new_tokens': 2048}",0.927479129244346,0.7907735440050967,10_HBMS.docx
"{'temperature': 1.1, 'top_k': None, 'top_p': 0.9, 'max_new_tokens': 2048}",0.9247693146609712,0.7917569844331666,10_HBMS.docx
"{'temperature': 1.1, 'top_k': None, 'top_p': 0.9, 'max_new_tokens': 2048}",0.91612134667713,0.8099813759543125,10_HBMS.docx
"{'temperature': 1.1, 'top_k': 50, 'top_p': 0.9, 'max_new_tokens': 3072}",0.0322571365567521,0.7825603649897229,10_HBMS.docx
"{'temperature': 1.1, 'top_k': 50, 'top_p': 0.9, 'max_new_tokens': 3072}",0.0336653787706192,0.7844331869118573,10_HBMS.docx
"{'temperature': 1.1, 'top_k': 50, 'top_p': 0.9, 'max_new_tokens': 3072}",0.023283382032576,0.7885926851184185,10_HBMS.docx
"{'temperature': 1.1, 'top_k': 50, 'top_p': 0.9, 'max_new_tokens': 3072}",0.0213814742847861,0.7867968342379901,10_HBMS.docx
"{'temperature': 1.1, 'top_k': 50, 'top_p': 0.9, 'max_new_tokens': 3072}",0.0375153429442662,0.7825291215093837,10_HBMS.docx
"{'temperature': 1.1, 'top_k': 50, 'top_p': 0.9, 'max_new_tokens': 3072}",0.0437785366362081,0.7761416728051587,10_HBMS.docx
"{'temperature': 1.1, 'top_k': 50, 'top_p': 0.9, 'max_new_tokens': 3072}",0.0337133789810123,0.7569723984836549,10_HBMS.docx
"{'temperature': 1.1, 'top_k': 50, 'top_p': 0.9, 'max_new_tokens': 3072}",0.0190366629842542,0.7694896951291953,10_HBMS.docx
"{'temperature': 1.1, 'top_k': 50, 'top_p': 0.9, 'max_new_tokens': 3072}",0.0369124331652624,0.7893477629899681,10_HBMS.docx
"{'temperature': 1.1, 'top_k': 50, 'top_p': 0.9, 'max_new_tokens': 3072}",0.01734118639781,0.7656411405772939,10_HBMS.docx
"{'temperature': 1.1, 'top_k': 50, 'top_p': 0.9, 'max_new_tokens': 4096}",0.9115874435181344,0.845560271283616,10_HBMS.docx
"{'temperature': 1.1, 'top_k': 50, 'top_p': 0.9, 'max_new_tokens': 4096}",0.9307744231864206,0.8191971375539555,10_HBMS.docx
"{'temperature': 1.1, 'top_k': 50, 'top_p': 0.9, 'max_new_tokens': 4096}",0.9280979706487594,0.8428129833421628,10_HBMS.docx
"{'temperature': 1.1, 'top_k': 50, 'top_p': 0.9, 'max_new_tokens': 4096}",0.9132624391591596,0.8169934320778525,10_HBMS.docx
"{'temperature': 1.1, 'top_k': 50, 'top_p': 0.9, 'max_new_tokens': 4096}",0.9100894841670916,0.8401035278625806,10_HBMS.docx
"{'temperature': 1.1, 'top_k': 50, 'top_p': 0.9, 'max_new_tokens': 4096}",0.9260405324425912,0.848429615681545,10_HBMS.docx
"{'temperature': 1.1, 'top_k': 50, 'top_p': 0.9, 'max_new_tokens': 4096}",0.8977742687610754,0.8186725149151052,10_HBMS.docx
"{'temperature': 1.1, 'top_k': 50, 'top_p': 0.9, 'max_new_tokens': 4096}",0.901797036348726,0.8434897352099531,10_HBMS.docx
"{'temperature': 1.1, 'top_k': 50, 'top_p': 0.9, 'max_new_tokens': 4096}",0.9227911207424914,0.8164002912436518,10_HBMS.docx
"{'temperature': 1.1, 'top_k': 50, 'top_p': 0.9, 'max_new_tokens': 4096}",0.9140578420021706,0.8108034737550124,10_HBMS.docx
"{'temperature': 0.6, 'top_k': 50, 'top_p': 1.0, 'max_new_tokens': 4096}",0.8623709557645737,0.763659896218835,07_OTS.docx
"{'temperature': 0.6, 'top_k': 50, 'top_p': 1.0, 'max_new_tokens': 4096}",0.8848257724211447,0.7618500198160855,07_OTS.docx
"{'temperature': 0.6, 'top_k': 50, 'top_p': 1.0, 'max_new_tokens': 4096}",0.8686061489440909,0.7612755416463736,07_OTS.docx
"{'temperature': 0.6, 'top_k': 50, 'top_p': 1.0, 'max_new_tokens': 4096}",0.8924786730654996,0.7624210823144696,07_OTS.docx
"{'temperature': 0.6, 'top_k': 50, 'top_p': 1.0, 'max_new_tokens': 4096}",0.8637990929373282,0.7487268695683543,07_OTS.docx
"{'temperature': 0.6, 'top_k': 50, 'top_p': 1.0, 'max_new_tokens': 4096}",0.8976472513118937,0.7511459543233712,07_OTS.docx
"{'temperature': 0.6, 'top_k': 50, 'top_p': 1.0, 'max_new_tokens': 4096}",0.901293687781268,0.7676032033295321,07_OTS.docx
"{'temperature': 0.6, 'top_k': 50, 'top_p': 1.0, 'max_new_tokens': 4096}",0.8886111885789635,0.7649478279221431,07_OTS.docx
"{'temperature': 0.6, 'top_k': 50, 'top_p': 1.0, 'max_new_tokens': 4096}",0.8958846381703814,0.7674684322565535,07_OTS.docx
"{'temperature': 0.6, 'top_k': 50, 'top_p': 1.0, 'max_new_tokens': 4096}",0.8909669150020164,0.7797830972491535,07_OTS.docx
"{'temperature': 0.8, 'top_k': 50, 'top_p': 0.9, 'max_new_tokens': 4096}",0.1837315244006531,0.8177541950889027,07_OTS.docx
"{'temperature': 0.8, 'top_k': 50, 'top_p': 0.9, 'max_new_tokens': 4096}",0.2144480169448354,0.8001059882779152,07_OTS.docx
"{'temperature': 0.8, 'top_k': 50, 'top_p': 0.9, 'max_new_tokens': 4096}",0.2025848093541596,0.8198630868834921,07_OTS.docx
"{'temperature': 0.8, 'top_k': 50, 'top_p': 0.9, 'max_new_tokens': 4096}",0.2025236592165646,0.7993873478504792,07_OTS.docx
"{'temperature': 0.8, 'top_k': 50, 'top_p': 0.9, 'max_new_tokens': 4096}",0.1887334291377483,0.8026807978130388,07_OTS.docx
"{'temperature': 0.8, 'top_k': 50, 'top_p': 0.9, 'max_new_tokens': 4096}",0.1886251999423614,0.8045378695180488,07_OTS.docx
"{'temperature': 0.8, 'top_k': 50, 'top_p': 0.9, 'max_new_tokens': 4096}",0.2081097109293405,0.812919673411573,07_OTS.docx
"{'temperature': 0.8, 'top_k': 50, 'top_p': 0.9, 'max_new_tokens': 4096}",0.2204970086364015,0.7860734000608413,07_OTS.docx
"{'temperature': 0.8, 'top_k': 50, 'top_p': 0.9, 'max_new_tokens': 4096}",0.2177301828797727,0.8167290445262403,07_OTS.docx
"{'temperature': 0.8, 'top_k': 50, 'top_p': 0.9, 'max_new_tokens': 4096}",0.20066948110158,0.8189950655566784,07_OTS.docx
"{'temperature': 1.0, 'top_k': None, 'top_p': 1.0, 'max_new_tokens': 2048}",0.6920314527761373,0.7561946128937964,07_OTS.docx
"{'temperature': 1.0, 'top_k': None, 'top_p': 1.0, 'max_new_tokens': 2048}",0.6889394920744608,0.7587122390684381,07_OTS.docx
"{'temperature': 1.0, 'top_k': None, 'top_p': 1.0, 'max_new_tokens': 2048}",0.6907413904618359,0.7637560553167382,07_OTS.docx
"{'temperature': 1.0, 'top_k': None, 'top_p': 1.0, 'max_new_tokens': 2048}",0.689140345031552,0.7698784027899598,07_OTS.docx
"{'temperature': 1.0, 'top_k': None, 'top_p': 1.0, 'max_new_tokens': 2048}",0.6850090632714685,0.7569849308775224,07_OTS.docx
"{'temperature': 1.0, 'top_k': None, 'top_p': 1.0, 'max_new_tokens': 2048}",0.6917344556259853,0.7527299662309295,07_OTS.docx
"{'temperature': 1.0, 'top_k': None, 'top_p': 1.0, 'max_new_tokens': 2048}",0.7066387641454567,0.7758143119849744,07_OTS.docx
"{'temperature': 1.0, 'top_k': None, 'top_p': 1.0, 'max_new_tokens': 2048}",0.7026121401073204,0.7805919190623041,07_OTS.docx
"{'temperature': 1.0, 'top_k': None, 'top_p': 1.0, 'max_new_tokens': 2048}",0.7239413216022971,0.757511171068112,07_OTS.docx
"{'temperature': 1.0, 'top_k': None, 'top_p': 1.0, 'max_new_tokens': 2048}",0.721681219431689,0.7807359905373138,07_OTS.docx
"{'temperature': 1.1, 'top_k': None, 'top_p': 0.9, 'max_new_tokens': 2048}",0.861357043120572,0.9454808423390508,07_OTS.docx
"{'temperature': 1.1, 'top_k': None, 'top_p': 0.9, 'max_new_tokens': 2048}",0.8848286421786002,0.9363406660697292,07_OTS.docx
"{'temperature': 1.1, 'top_k': None, 'top_p': 0.9, 'max_new_tokens': 2048}",0.8652590288146051,0.9380978021420532,07_OTS.docx
"{'temperature': 1.1, 'top_k': None, 'top_p': 0.9, 'max_new_tokens': 2048}",0.859286062198875,0.9388071284452828,07_OTS.docx
"{'temperature': 1.1, 'top_k': None, 'top_p': 0.9, 'max_new_tokens': 2048}",0.8673124774290462,0.9440945762141134,07_OTS.docx
"{'temperature': 1.1, 'top_k': None, 'top_p': 0.9, 'max_new_tokens': 2048}",0.8677155785042748,0.9392094395207404,07_OTS.docx
"{'temperature': 1.1, 'top_k': None, 'top_p': 0.9, 'max_new_tokens': 2048}",0.8664079468015269,0.9340176339205882,07_OTS.docx
"{'temperature': 1.1, 'top_k': None, 'top_p': 0.9, 'max_new_tokens': 2048}",0.8594537974190923,0.9290394588517116,07_OTS.docx
"{'temperature': 1.1, 'top_k': None, 'top_p': 0.9, 'max_new_tokens': 2048}",0.8792598338477392,0.9432087744632188,07_OTS.docx
"{'temperature': 1.1, 'top_k': None, 'top_p': 0.9, 'max_new_tokens': 2048}",0.8624865963875415,0.9296017295027644,07_OTS.docx
"{'temperature': 1.1, 'top_k': 50, 'top_p': 0.9, 'max_new_tokens': 3072}",0.8751144043631476,0.934663881810282,07_OTS.docx
"{'temperature': 1.1, 'top_k': 50, 'top_p': 0.9, 'max_new_tokens': 3072}",0.8903956682538946,0.9349941391957494,07_OTS.docx
"{'temperature': 1.1, 'top_k': 50, 'top_p': 0.9, 'max_new_tokens': 3072}",0.8877382962255097,0.919136830066584,07_OTS.docx
"{'temperature': 1.1, 'top_k': 50, 'top_p': 0.9, 'max_new_tokens': 3072}",0.8751424979239713,0.9484671147368856,07_OTS.docx
"{'temperature': 1.1, 'top_k': 50, 'top_p': 0.9, 'max_new_tokens': 3072}",0.8626236093120556,0.9393332600083908,07_OTS.docx
"{'temperature': 1.1, 'top_k': 50, 'top_p': 0.9, 'max_new_tokens': 3072}",0.8898938851580852,0.9157654345980611,07_OTS.docx
"{'temperature': 1.1, 'top_k': 50, 'top_p': 0.9, 'max_new_tokens': 3072}",0.8796106046229341,0.9223227307471312,07_OTS.docx
"{'temperature': 1.1, 'top_k': 50, 'top_p': 0.9, 'max_new_tokens': 3072}",0.8879124845186968,0.9216157080995157,07_OTS.docx
"{'temperature': 1.1, 'top_k': 50, 'top_p': 0.9, 'max_new_tokens': 3072}",0.8781937703005294,0.9232616672145332,07_OTS.docx
"{'temperature': 1.1, 'top_k': 50, 'top_p': 0.9, 'max_new_tokens': 3072}",0.8636147886776026,0.944204619110087,07_OTS.docx
"{'temperature': 1.1, 'top_k': 50, 'top_p': 0.9, 'max_new_tokens': 4096}",0.8636155929651411,0.769741998428252,07_OTS.docx
"{'temperature': 1.1, 'top_k': 50, 'top_p': 0.9, 'max_new_tokens': 4096}",0.8833213767025517,0.7753784395630751,07_OTS.docx
"{'temperature': 1.1, 'top_k': 50, 'top_p': 0.9, 'max_new_tokens': 4096}",0.9004228937423804,0.7540051536401291,07_OTS.docx
"{'temperature': 1.1, 'top_k': 50, 'top_p': 0.9, 'max_new_tokens': 4096}",0.8706810692459915,0.7618652480647206,07_OTS.docx
"{'temperature': 1.1, 'top_k': 50, 'top_p': 0.9, 'max_new_tokens': 4096}",0.8886500133991279,0.758303476396208,07_OTS.docx
"{'temperature': 1.1, 'top_k': 50, 'top_p': 0.9, 'max_new_tokens': 4096}",0.8927834773628247,0.7743060602437742,07_OTS.docx
"{'temperature': 1.1, 'top_k': 50, 'top_p': 0.9, 'max_new_tokens': 4096}",0.8896266391725095,0.7484617873357113,07_OTS.docx
"{'temperature': 1.1, 'top_k': 50, 'top_p': 0.9, 'max_new_tokens': 4096}",0.8880768878172789,0.7754293936581087,07_OTS.docx
"{'temperature': 1.1, 'top_k': 50, 'top_p': 0.9, 'max_new_tokens': 4096}",0.8874564016190266,0.7489705025252096,07_OTS.docx
"{'temperature': 1.1, 'top_k': 50, 'top_p': 0.9, 'max_new_tokens': 4096}",0.8880119688091995,0.7620722681183011,07_OTS.docx
"{'temperature': 0.6, 'top_k': 50, 'top_p': 1.0, 'max_new_tokens': 4096}",0.741788536747529,0.7163227604797723,06_SHAS.docx
"{'temperature': 0.6, 'top_k': 50, 'top_p': 1.0, 'max_new_tokens': 4096}",0.7553413008250911,0.741357503709774,06_SHAS.docx
"{'temperature': 0.6, 'top_k': 50, 'top_p': 1.0, 'max_new_tokens': 4096}",0.7802116916964984,0.7298231828909584,06_SHAS.docx
"{'temperature': 0.6, 'top_k': 50, 'top_p': 1.0, 'max_new_tokens': 4096}",0.75737736930041,0.7217495038904727,06_SHAS.docx
"{'temperature': 0.6, 'top_k': 50, 'top_p': 1.0, 'max_new_tokens': 4096}",0.7692386375578968,0.734491230242979,06_SHAS.docx
"{'temperature': 0.6, 'top_k': 50, 'top_p': 1.0, 'max_new_tokens': 4096}",0.7697365099461655,0.7375249478472898,06_SHAS.docx
"{'temperature': 0.6, 'top_k': 50, 'top_p': 1.0, 'max_new_tokens': 4096}",0.7773157160059381,0.7162508754207466,06_SHAS.docx
"{'temperature': 0.6, 'top_k': 50, 'top_p': 1.0, 'max_new_tokens': 4096}",0.7753417508036062,0.7440930634836046,06_SHAS.docx
"{'temperature': 0.6, 'top_k': 50, 'top_p': 1.0, 'max_new_tokens': 4096}",0.7565276549922941,0.7371268477241901,06_SHAS.docx
"{'temperature': 0.6, 'top_k': 50, 'top_p': 1.0, 'max_new_tokens': 4096}",0.7418659128413723,0.7366343415537268,06_SHAS.docx
"{'temperature': 0.8, 'top_k': 50, 'top_p': 0.9, 'max_new_tokens': 4096}",0.809742234189898,0.7791153321989374,06_SHAS.docx
"{'temperature': 0.8, 'top_k': 50, 'top_p': 0.9, 'max_new_tokens': 4096}",0.8032159078128488,0.7786649668424331,06_SHAS.docx
"{'temperature': 0.8, 'top_k': 50, 'top_p': 0.9, 'max_new_tokens': 4096}",0.8130307720456054,0.7839148233890808,06_SHAS.docx
"{'temperature': 0.8, 'top_k': 50, 'top_p': 0.9, 'max_new_tokens': 4096}",0.8107626084424157,0.7548539667861727,06_SHAS.docx
"{'temperature': 0.8, 'top_k': 50, 'top_p': 0.9, 'max_new_tokens': 4096}",0.8052501128613173,0.769572743822678,06_SHAS.docx
"{'temperature': 0.8, 'top_k': 50, 'top_p': 0.9, 'max_new_tokens': 4096}",0.8124531953228942,0.7812270932070864,06_SHAS.docx
"{'temperature': 0.8, 'top_k': 50, 'top_p': 0.9, 'max_new_tokens': 4096}",0.7869054312499292,0.7780577385617651,06_SHAS.docx
"{'temperature': 0.8, 'top_k': 50, 'top_p': 0.9, 'max_new_tokens': 4096}",0.8022533463220981,0.7621883226170093,06_SHAS.docx
"{'temperature': 0.8, 'top_k': 50, 'top_p': 0.9, 'max_new_tokens': 4096}",0.8111549220557502,0.7683333036504153,06_SHAS.docx
"{'temperature': 0.8, 'top_k': 50, 'top_p': 0.9, 'max_new_tokens': 4096}",0.7856480705371125,0.7706783088054125,06_SHAS.docx
"{'temperature': 1.0, 'top_k': None, 'top_p': 1.0, 'max_new_tokens': 2048}",0.2932372886762314,0.7908528417921392,06_SHAS.docx
"{'temperature': 1.0, 'top_k': None, 'top_p': 1.0, 'max_new_tokens': 2048}",0.3166946862461111,0.7576522523606165,06_SHAS.docx
"{'temperature': 1.0, 'top_k': None, 'top_p': 1.0, 'max_new_tokens': 2048}",0.2973502950639023,0.7691997579145934,06_SHAS.docx
"{'temperature': 1.0, 'top_k': None, 'top_p': 1.0, 'max_new_tokens': 2048}",0.3170488178185747,0.7717138149920755,06_SHAS.docx
"{'temperature': 1.0, 'top_k': None, 'top_p': 1.0, 'max_new_tokens': 2048}",0.2916100013500957,0.7794218111432984,06_SHAS.docx
"{'temperature': 1.0, 'top_k': None, 'top_p': 1.0, 'max_new_tokens': 2048}",0.2888262379477658,0.7673743710468848,06_SHAS.docx
"{'temperature': 1.0, 'top_k': None, 'top_p': 1.0, 'max_new_tokens': 2048}",0.3125757325785636,0.7609396685581602,06_SHAS.docx
"{'temperature': 1.0, 'top_k': None, 'top_p': 1.0, 'max_new_tokens': 2048}",0.3076245354282005,0.7628968032070458,06_SHAS.docx
"{'temperature': 1.0, 'top_k': None, 'top_p': 1.0, 'max_new_tokens': 2048}",0.2802863261345336,0.7570255405428412,06_SHAS.docx
"{'temperature': 1.0, 'top_k': None, 'top_p': 1.0, 'max_new_tokens': 2048}",0.2857498835149322,0.7518174509076806,06_SHAS.docx
"{'temperature': 1.1, 'top_k': None, 'top_p': 0.9, 'max_new_tokens': 2048}",0.8901873838324481,0.7534179340799076,06_SHAS.docx
"{'temperature': 1.1, 'top_k': None, 'top_p': 0.9, 'max_new_tokens': 2048}",0.8885475939803367,0.7537609030239841,06_SHAS.docx
"{'temperature': 1.1, 'top_k': None, 'top_p': 0.9, 'max_new_tokens': 2048}",0.8793898312137651,0.7667347840425135,06_SHAS.docx
"{'temperature': 1.1, 'top_k': None, 'top_p': 0.9, 'max_new_tokens': 2048}",0.8896221599562149,0.7645809715178655,06_SHAS.docx
"{'temperature': 1.1, 'top_k': None, 'top_p': 0.9, 'max_new_tokens': 2048}",0.8913784388108585,0.7815441879552746,06_SHAS.docx
"{'temperature': 1.1, 'top_k': None, 'top_p': 0.9, 'max_new_tokens': 2048}",0.8656309715304007,0.7553171450884046,06_SHAS.docx
"{'temperature': 1.1, 'top_k': None, 'top_p': 0.9, 'max_new_tokens': 2048}",0.8949399350013898,0.7456388974649034,06_SHAS.docx
"{'temperature': 1.1, 'top_k': None, 'top_p': 0.9, 'max_new_tokens': 2048}",0.8658192610633709,0.7753096108667933,06_SHAS.docx
"{'temperature': 1.1, 'top_k': None, 'top_p': 0.9, 'max_new_tokens': 2048}",0.8999896153818499,0.7738631246612734,06_SHAS.docx
"{'temperature': 1.1, 'top_k': None, 'top_p': 0.9, 'max_new_tokens': 2048}",0.8661562482004733,0.7518844254974701,06_SHAS.docx
"{'temperature': 1.1, 'top_k': 50, 'top_p': 0.9, 'max_new_tokens': 3072}",0.7967486826085294,0.7479358725613859,06_SHAS.docx
"{'temperature': 1.1, 'top_k': 50, 'top_p': 0.9, 'max_new_tokens': 3072}",0.8157343413791645,0.7367528863891712,06_SHAS.docx
"{'temperature': 1.1, 'top_k': 50, 'top_p': 0.9, 'max_new_tokens': 3072}",0.8217460088614015,0.7560491740012152,06_SHAS.docx
"{'temperature': 1.1, 'top_k': 50, 'top_p': 0.9, 'max_new_tokens': 3072}",0.8132931656445493,0.7433325419140133,06_SHAS.docx
"{'temperature': 1.1, 'top_k': 50, 'top_p': 0.9, 'max_new_tokens': 3072}",0.7995049737683488,0.7715569029815087,06_SHAS.docx
"{'temperature': 1.1, 'top_k': 50, 'top_p': 0.9, 'max_new_tokens': 3072}",0.7862392367989872,0.7664855472133858,06_SHAS.docx
"{'temperature': 1.1, 'top_k': 50, 'top_p': 0.9, 'max_new_tokens': 3072}",0.8031378931174293,0.7496046373901201,06_SHAS.docx
"{'temperature': 1.1, 'top_k': 50, 'top_p': 0.9, 'max_new_tokens': 3072}",0.7975690385038219,0.7738485255547848,06_SHAS.docx
"{'temperature': 1.1, 'top_k': 50, 'top_p': 0.9, 'max_new_tokens': 3072}",0.8135777269605288,0.7567577657128852,06_SHAS.docx
"{'temperature': 1.1, 'top_k': 50, 'top_p': 0.9, 'max_new_tokens': 3072}",0.8103468984406724,0.744411291125156,06_SHAS.docx
"{'temperature': 1.1, 'top_k': 50, 'top_p': 0.9, 'max_new_tokens': 4096}",0.1050122585646061,0.8116749484387727,06_SHAS.docx
"{'temperature': 1.1, 'top_k': 50, 'top_p': 0.9, 'max_new_tokens': 4096}",0.0987654533228057,0.7999541591069123,06_SHAS.docx
"{'temperature': 1.1, 'top_k': 50, 'top_p': 0.9, 'max_new_tokens': 4096}",0.1257983109810887,0.7909368218746149,06_SHAS.docx
"{'temperature': 1.1, 'top_k': 50, 'top_p': 0.9, 'max_new_tokens': 4096}",0.125091557129924,0.7842146838027789,06_SHAS.docx
"{'temperature': 1.1, 'top_k': 50, 'top_p': 0.9, 'max_new_tokens': 4096}",0.1212117554989433,0.8025064280704504,06_SHAS.docx
"{'temperature': 1.1, 'top_k': 50, 'top_p': 0.9, 'max_new_tokens': 4096}",0.1060879548747787,0.7807578194322028,06_SHAS.docx
"{'temperature': 1.1, 'top_k': 50, 'top_p': 0.9, 'max_new_tokens': 4096}",0.0906019305369883,0.7813544553716019,06_SHAS.docx
"{'temperature': 1.1, 'top_k': 50, 'top_p': 0.9, 'max_new_tokens': 4096}",0.1224841772441933,0.7980866836406876,06_SHAS.docx
"{'temperature': 1.1, 'top_k': 50, 'top_p': 0.9, 'max_new_tokens': 4096}",0.1211795551197335,0.7856689947551289,06_SHAS.docx
"{'temperature': 1.1, 'top_k': 50, 'top_p': 0.9, 'max_new_tokens': 4096}",0.1165882361478164,0.8091950018148888,06_SHAS.docx
"{'temperature': 0.6, 'top_k': 50, 'top_p': 1.0, 'max_new_tokens': 4096}",0.918587998801896,0.8269465424747108,01_BTMS.docx
"{'temperature': 0.6, 'top_k': 50, 'top_p': 1.0, 'max_new_tokens': 4096}",0.943065480987745,0.823505930069237,01_BTMS.docx
"{'temperature': 0.6, 'top_k': 50, 'top_p': 1.0, 'max_new_tokens': 4096}",0.9212621241545104,0.8449426694148474,01_BTMS.docx
"{'temperature': 0.6, 'top_k': 50, 'top_p': 1.0, 'max_new_tokens': 4096}",0.9162807711902332,0.8228703998449576,01_BTMS.docx
"{'temperature': 0.6, 'top_k': 50, 'top_p': 1.0, 'max_new_tokens': 4096}",0.9238829827857722,0.8458484753786651,01_BTMS.docx
"{'temperature': 0.6, 'top_k': 50, 'top_p': 1.0, 'max_new_tokens': 4096}",0.9192491437898213,0.8285526086498832,01_BTMS.docx
"{'temperature': 0.6, 'top_k': 50, 'top_p': 1.0, 'max_new_tokens': 4096}",0.9328592579303592,0.844212633029757,01_BTMS.docx
"{'temperature': 0.6, 'top_k': 50, 'top_p': 1.0, 'max_new_tokens': 4096}",0.9437020038497496,0.8325115924959041,01_BTMS.docx
"{'temperature': 0.6, 'top_k': 50, 'top_p': 1.0, 'max_new_tokens': 4096}",0.9277747753335902,0.8368816768253295,01_BTMS.docx
"{'temperature': 0.6, 'top_k': 50, 'top_p': 1.0, 'max_new_tokens': 4096}",0.9273890237234764,0.8409039142730343,01_BTMS.docx
"{'temperature': 0.8, 'top_k': 50, 'top_p': 0.9, 'max_new_tokens': 4096}",0.830286299477405,0.9042763375221116,01_BTMS.docx
"{'temperature': 0.8, 'top_k': 50, 'top_p': 0.9, 'max_new_tokens': 4096}",0.8535479193366992,0.8892123583692191,01_BTMS.docx
"{'temperature': 0.8, 'top_k': 50, 'top_p': 0.9, 'max_new_tokens': 4096}",0.8580182076715206,0.8953872668476021,01_BTMS.docx
"{'temperature': 0.8, 'top_k': 50, 'top_p': 0.9, 'max_new_tokens': 4096}",0.8536941895452377,0.89822783715044,01_BTMS.docx
"{'temperature': 0.8, 'top_k': 50, 'top_p': 0.9, 'max_new_tokens': 4096}",0.8568152822534368,0.9013554663030326,01_BTMS.docx
"{'temperature': 0.8, 'top_k': 50, 'top_p': 0.9, 'max_new_tokens': 4096}",0.8453186174726233,0.9080845184339912,01_BTMS.docx
"{'temperature': 0.8, 'top_k': 50, 'top_p': 0.9, 'max_new_tokens': 4096}",0.8403423364427102,0.908108006918525,01_BTMS.docx
"{'temperature': 0.8, 'top_k': 50, 'top_p': 0.9, 'max_new_tokens': 4096}",0.849788848552234,0.871868458582411,01_BTMS.docx
"{'temperature': 0.8, 'top_k': 50, 'top_p': 0.9, 'max_new_tokens': 4096}",0.8476823755469367,0.8769487315735365,01_BTMS.docx
"{'temperature': 0.8, 'top_k': 50, 'top_p': 0.9, 'max_new_tokens': 4096}",0.8301410536510823,0.8927363562091357,01_BTMS.docx
"{'temperature': 1.0, 'top_k': None, 'top_p': 1.0, 'max_new_tokens': 2048}",0.9259506561435584,0.9269044119132436,01_BTMS.docx
"{'temperature': 1.0, 'top_k': None, 'top_p': 1.0, 'max_new_tokens': 2048}",0.9086436917175584,0.9566059416840114,01_BTMS.docx
"{'temperature': 1.0, 'top_k': None, 'top_p': 1.0, 'max_new_tokens': 2048}",0.9459551634988056,0.940446007983014,01_BTMS.docx
"{'temperature': 1.0, 'top_k': None, 'top_p': 1.0, 'max_new_tokens': 2048}",0.9287098242705488,0.9274198713838164,01_BTMS.docx
"{'temperature': 1.0, 'top_k': None, 'top_p': 1.0, 'max_new_tokens': 2048}",0.9196989974081622,0.9454629954464964,01_BTMS.docx
"{'temperature': 1.0, 'top_k': None, 'top_p': 1.0, 'max_new_tokens': 2048}",0.9313749403702716,0.935717054222006,01_BTMS.docx
"{'temperature': 1.0, 'top_k': None, 'top_p': 1.0, 'max_new_tokens': 2048}",0.9307267137365216,0.948425594206496,01_BTMS.docx
"{'temperature': 1.0, 'top_k': None, 'top_p': 1.0, 'max_new_tokens': 2048}",0.9439560591707572,0.9530671096604774,01_BTMS.docx
"{'temperature': 1.0, 'top_k': None, 'top_p': 1.0, 'max_new_tokens': 2048}",0.9189577169879038,0.9300292959499844,01_BTMS.docx
"{'temperature': 1.0, 'top_k': None, 'top_p': 1.0, 'max_new_tokens': 2048}",0.9149600297556474,0.9280413833633474,01_BTMS.docx
"{'temperature': 1.1, 'top_k': None, 'top_p': 0.9, 'max_new_tokens': 2048}",0.6156439514592363,0.7619861449832018,01_BTMS.docx
"{'temperature': 1.1, 'top_k': None, 'top_p': 0.9, 'max_new_tokens': 2048}",0.6077738334972099,0.7390585409590799,01_BTMS.docx
"{'temperature': 1.1, 'top_k': None, 'top_p': 0.9, 'max_new_tokens': 2048}",0.6077568705875314,0.7575652270078418,01_BTMS.docx
"{'temperature': 1.1, 'top_k': None, 'top_p': 0.9, 'max_new_tokens': 2048}",0.6098766391289184,0.7351662494855685,01_BTMS.docx
"{'temperature': 1.1, 'top_k': None, 'top_p': 0.9, 'max_new_tokens': 2048}",0.611927805596377,0.7385354224855416,01_BTMS.docx
"{'temperature': 1.1, 'top_k': None, 'top_p': 0.9, 'max_new_tokens': 2048}",0.6137131074910825,0.7546440344646845,01_BTMS.docx
"{'temperature': 1.1, 'top_k': None, 'top_p': 0.9, 'max_new_tokens': 2048}",0.5977360810101217,0.7517698776948817,01_BTMS.docx
"{'temperature': 1.1, 'top_k': None, 'top_p': 0.9, 'max_new_tokens': 2048}",0.6036366899351069,0.7386488510542703,01_BTMS.docx
"{'temperature': 1.1, 'top_k': None, 'top_p': 0.9, 'max_new_tokens': 2048}",0.6008618313284312,0.761542595022824,01_BTMS.docx
"{'temperature': 1.1, 'top_k': None, 'top_p': 0.9, 'max_new_tokens': 2048}",0.6012556939971426,0.7547902238848766,01_BTMS.docx
"{'temperature': 1.1, 'top_k': 50, 'top_p': 0.9, 'max_new_tokens': 3072}",0.9424816655273196,0.909429019283861,01_BTMS.docx
"{'temperature': 1.1, 'top_k': 50, 'top_p': 0.9, 'max_new_tokens': 3072}",0.9397277815809402,0.9256986138272169,01_BTMS.docx
"{'temperature': 1.1, 'top_k': 50, 'top_p': 0.9, 'max_new_tokens': 3072}",0.9083320774180366,0.9174576217923166,01_BTMS.docx
"{'temperature': 1.1, 'top_k': 50, 'top_p': 0.9, 'max_new_tokens': 3072}",0.9285603766497204,0.9013428261053072,01_BTMS.docx
"{'temperature': 1.1, 'top_k': 50, 'top_p': 0.9, 'max_new_tokens': 3072}",0.941103572295804,0.915251151328917,01_BTMS.docx
"{'temperature': 1.1, 'top_k': 50, 'top_p': 0.9, 'max_new_tokens': 3072}",0.911978645072303,0.9203248811863846,01_BTMS.docx
"{'temperature': 1.1, 'top_k': 50, 'top_p': 0.9, 'max_new_tokens': 3072}",0.9353435024425164,0.920791390455004,01_BTMS.docx
"{'temperature': 1.1, 'top_k': 50, 'top_p': 0.9, 'max_new_tokens': 3072}",0.913453708214914,0.9195244564921806,01_BTMS.docx
"{'temperature': 1.1, 'top_k': 50, 'top_p': 0.9, 'max_new_tokens': 3072}",0.9172618599596716,0.933959755090372,01_BTMS.docx
"{'temperature': 1.1, 'top_k': 50, 'top_p': 0.9, 'max_new_tokens': 3072}",0.9309521436917004,0.9033241599696528,01_BTMS.docx
"{'temperature': 1.1, 'top_k': 50, 'top_p': 0.9, 'max_new_tokens': 4096}",0.4336681543404015,0.7697961771499523,01_BTMS.docx
"{'temperature': 1.1, 'top_k': 50, 'top_p': 0.9, 'max_new_tokens': 4096}",0.4382860070304021,0.7638708336532422,01_BTMS.docx
"{'temperature': 1.1, 'top_k': 50, 'top_p': 0.9, 'max_new_tokens': 4096}",0.4351443021438688,0.7771945813735038,01_BTMS.docx
"{'temperature': 1.1, 'top_k': 50, 'top_p': 0.9, 'max_new_tokens': 4096}",0.4208230069684459,0.7500477188588727,01_BTMS.docx
"{'temperature': 1.1, 'top_k': 50, 'top_p': 0.9, 'max_new_tokens': 4096}",0.4201943332654141,0.7424355984963237,01_BTMS.docx
"{'temperature': 1.1, 'top_k': 50, 'top_p': 0.9, 'max_new_tokens': 4096}",0.4487622390964032,0.7509960999843623,01_BTMS.docx
"{'temperature': 1.1, 'top_k': 50, 'top_p': 0.9, 'max_new_tokens': 4096}",0.4374479350803577,0.7680103070868124,01_BTMS.docx
"{'temperature': 1.1, 'top_k': 50, 'top_p': 0.9, 'max_new_tokens': 4096}",0.4257524957526228,0.7532471285523912,01_BTMS.docx
"{'temperature': 1.1, 'top_k': 50, 'top_p': 0.9, 'max_new_tokens': 4096}",0.4221788477456186,0.7708568465397253,01_BTMS.docx
"{'temperature': 1.1, 'top_k': 50, 'top_p': 0.9, 'max_new_tokens': 4096}",0.4171008182841626,0.7600122423370408,01_BTMS.docx
"{'temperature': 0.6, 'top_k': 50, 'top_p': 1.0, 'max_new_tokens': 4096}",0.5659153597809634,0.7789813959716599,03_LabTracker.docx
"{'temperature': 0.6, 'top_k': 50, 'top_p': 1.0, 'max_new_tokens': 4096}",0.5751085219745596,0.7741151966854135,03_LabTracker.docx
"{'temperature': 0.6, 'top_k': 50, 'top_p': 1.0, 'max_new_tokens': 4096}",0.5718923532957684,0.7863629814413606,03_LabTracker.docx
"{'temperature': 0.6, 'top_k': 50, 'top_p': 1.0, 'max_new_tokens': 4096}",0.5724947806588331,0.7779093224630239,03_LabTracker.docx
"{'temperature': 0.6, 'top_k': 50, 'top_p': 1.0, 'max_new_tokens': 4096}",0.5763783409602888,0.788056269938269,03_LabTracker.docx
"{'temperature': 0.6, 'top_k': 50, 'top_p': 1.0, 'max_new_tokens': 4096}",0.5711636289071904,0.7790922003708866,03_LabTracker.docx
"{'temperature': 0.6, 'top_k': 50, 'top_p': 1.0, 'max_new_tokens': 4096}",0.5918680243337848,0.763500739546061,03_LabTracker.docx
"{'temperature': 0.6, 'top_k': 50, 'top_p': 1.0, 'max_new_tokens': 4096}",0.5536780961560016,0.7607909351200246,03_LabTracker.docx
"{'temperature': 0.6, 'top_k': 50, 'top_p': 1.0, 'max_new_tokens': 4096}",0.5724449930387268,0.7792252770305331,03_LabTracker.docx
"{'temperature': 0.6, 'top_k': 50, 'top_p': 1.0, 'max_new_tokens': 4096}",0.5776074879054465,0.778289359941465,03_LabTracker.docx
"{'temperature': 0.8, 'top_k': 50, 'top_p': 0.9, 'max_new_tokens': 4096}",0.9464720913376028,0.7946701627319813,03_LabTracker.docx
"{'temperature': 0.8, 'top_k': 50, 'top_p': 0.9, 'max_new_tokens': 4096}",0.9287257082509496,0.779784081468815,03_LabTracker.docx
"{'temperature': 0.8, 'top_k': 50, 'top_p': 0.9, 'max_new_tokens': 4096}",0.9325156869219134,0.7784069438695954,03_LabTracker.docx
"{'temperature': 0.8, 'top_k': 50, 'top_p': 0.9, 'max_new_tokens': 4096}",0.9309317153780696,0.7913750835705734,03_LabTracker.docx
"{'temperature': 0.8, 'top_k': 50, 'top_p': 0.9, 'max_new_tokens': 4096}",0.9123661027954414,0.7834367896083593,03_LabTracker.docx
"{'temperature': 0.8, 'top_k': 50, 'top_p': 0.9, 'max_new_tokens': 4096}",0.9133813071735384,0.7995377206933074,03_LabTracker.docx
"{'temperature': 0.8, 'top_k': 50, 'top_p': 0.9, 'max_new_tokens': 4096}",0.9313531001056836,0.7826287468884743,03_LabTracker.docx
"{'temperature': 0.8, 'top_k': 50, 'top_p': 0.9, 'max_new_tokens': 4096}",0.9364171058091412,0.777290289092062,03_LabTracker.docx
"{'temperature': 0.8, 'top_k': 50, 'top_p': 0.9, 'max_new_tokens': 4096}",0.9147247959255734,0.7867736369120644,03_LabTracker.docx
"{'temperature': 0.8, 'top_k': 50, 'top_p': 0.9, 'max_new_tokens': 4096}",0.9372769861024404,0.7676906287152061,03_LabTracker.docx
"{'temperature': 1.0, 'top_k': None, 'top_p': 1.0, 'max_new_tokens': 2048}",0.94079736917388,0.7682177150628653,03_LabTracker.docx
"{'temperature': 1.0, 'top_k': None, 'top_p': 1.0, 'max_new_tokens': 2048}",0.9133077212464163,0.750894927108076,03_LabTracker.docx
"{'temperature': 1.0, 'top_k': None, 'top_p': 1.0, 'max_new_tokens': 2048}",0.9302701707898816,0.7593042496323089,03_LabTracker.docx
"{'temperature': 1.0, 'top_k': None, 'top_p': 1.0, 'max_new_tokens': 2048}",0.9194165491451666,0.7771200246532218,03_LabTracker.docx
"{'temperature': 1.0, 'top_k': None, 'top_p': 1.0, 'max_new_tokens': 2048}",0.9381395094664,0.7663001967538265,03_LabTracker.docx
"{'temperature': 1.0, 'top_k': None, 'top_p': 1.0, 'max_new_tokens': 2048}",0.9332882656799568,0.7748022699451482,03_LabTracker.docx
"{'temperature': 1.0, 'top_k': None, 'top_p': 1.0, 'max_new_tokens': 2048}",0.9417560953375292,0.7807157177546301,03_LabTracker.docx
"{'temperature': 1.0, 'top_k': None, 'top_p': 1.0, 'max_new_tokens': 2048}",0.909671137045812,0.7788479744847472,03_LabTracker.docx
"{'temperature': 1.0, 'top_k': None, 'top_p': 1.0, 'max_new_tokens': 2048}",0.9195107767113756,0.7670295254523242,03_LabTracker.docx
"{'temperature': 1.0, 'top_k': None, 'top_p': 1.0, 'max_new_tokens': 2048}",0.9260202967287826,0.7803429108348201,03_LabTracker.docx
"{'temperature': 1.1, 'top_k': None, 'top_p': 0.9, 'max_new_tokens': 2048}",0.9049410137119736,0.9479860023498884,03_LabTracker.docx
"{'temperature': 1.1, 'top_k': None, 'top_p': 0.9, 'max_new_tokens': 2048}",0.9276483332719728,0.957349615326842,03_LabTracker.docx
"{'temperature': 1.1, 'top_k': None, 'top_p': 0.9, 'max_new_tokens': 2048}",0.9330083185626036,0.9268880876118688,03_LabTracker.docx
"{'temperature': 1.1, 'top_k': None, 'top_p': 0.9, 'max_new_tokens': 2048}",0.9294592387580304,0.9483608294954388,03_LabTracker.docx
"{'temperature': 1.1, 'top_k': None, 'top_p': 0.9, 'max_new_tokens': 2048}",0.9149215060404798,0.9280224502230532,03_LabTracker.docx
"{'temperature': 1.1, 'top_k': None, 'top_p': 0.9, 'max_new_tokens': 2048}",0.9277666438887856,0.9444870399143986,03_LabTracker.docx
"{'temperature': 1.1, 'top_k': None, 'top_p': 0.9, 'max_new_tokens': 2048}",0.92757941869043,0.9590731605223484,03_LabTracker.docx
"{'temperature': 1.1, 'top_k': None, 'top_p': 0.9, 'max_new_tokens': 2048}",0.9099626694357124,0.925812031996726,03_LabTracker.docx
"{'temperature': 1.1, 'top_k': None, 'top_p': 0.9, 'max_new_tokens': 2048}",0.916717032009713,0.9555943817737984,03_LabTracker.docx
"{'temperature': 1.1, 'top_k': None, 'top_p': 0.9, 'max_new_tokens': 2048}",0.8950479888510299,0.952084459986736,03_LabTracker.docx
"{'temperature': 1.1, 'top_k': 50, 'top_p': 0.9, 'max_new_tokens': 3072}",0.9423690169975452,0.7685317043767412,03_LabTracker.docx
"{'temperature': 1.1, 'top_k': 50, 'top_p': 0.9, 'max_new_tokens': 3072}",0.940262341179994,0.7782410788182919,03_LabTracker.docx
"{'temperature': 1.1, 'top_k': 50, 'top_p': 0.9, 'max_new_tokens': 3072}",0.9472987054197586,0.7830764222382508,03_LabTracker.docx
"{'temperature': 1.1, 'top_k': 50, 'top_p': 0.9, 'max_new_tokens': 3072}",0.9264210681605736,0.7848717371919912,03_LabTracker.docx
"{'temperature': 1.1, 'top_k': 50, 'top_p': 0.9, 'max_new_tokens': 3072}",0.9197678972182626,0.7741350143616742,03_LabTracker.docx
"{'temperature': 1.1, 'top_k': 50, 'top_p': 0.9, 'max_new_tokens': 3072}",0.9149467995238302,0.753819612551417,03_LabTracker.docx
"{'temperature': 1.1, 'top_k': 50, 'top_p': 0.9, 'max_new_tokens': 3072}",0.9441520038153376,0.7883744172758853,03_LabTracker.docx
"{'temperature': 1.1, 'top_k': 50, 'top_p': 0.9, 'max_new_tokens': 3072}",0.9358435837447788,0.7709716506980816,03_LabTracker.docx
"{'temperature': 1.1, 'top_k': 50, 'top_p': 0.9, 'max_new_tokens': 3072}",0.9160657625576314,0.772504504822064,03_LabTracker.docx
"{'temperature': 1.1, 'top_k': 50, 'top_p': 0.9, 'max_new_tokens': 3072}",0.932451979036918,0.7772229035550022,03_LabTracker.docx
"{'temperature': 1.1, 'top_k': 50, 'top_p': 0.9, 'max_new_tokens': 4096}",0.9350988220844474,0.9365320305851632,03_LabTracker.docx
"{'temperature': 1.1, 'top_k': 50, 'top_p': 0.9, 'max_new_tokens': 4096}",0.9452362470179136,0.9377835436495852,03_LabTracker.docx
"{'temperature': 1.1, 'top_k': 50, 'top_p': 0.9, 'max_new_tokens': 4096}",0.9317946438660274,0.9398471290347752,03_LabTracker.docx
"{'temperature': 1.1, 'top_k': 50, 'top_p': 0.9, 'max_new_tokens': 4096}",0.9493500090625948,0.9251968870479008,03_LabTracker.docx
"{'temperature': 1.1, 'top_k': 50, 'top_p': 0.9, 'max_new_tokens': 4096}",0.9309529741707208,0.9594118743932764,03_LabTracker.docx
"{'temperature': 1.1, 'top_k': 50, 'top_p': 0.9, 'max_new_tokens': 4096}",0.9338098220386156,0.9462204866776982,03_LabTracker.docx
"{'temperature': 1.1, 'top_k': 50, 'top_p': 0.9, 'max_new_tokens': 4096}",0.955416916302692,0.957071873332744,03_LabTracker.docx
"{'temperature': 1.1, 'top_k': 50, 'top_p': 0.9, 'max_new_tokens': 4096}",0.930907317713479,0.9305627753883658,03_LabTracker.docx
"{'temperature': 1.1, 'top_k': 50, 'top_p': 0.9, 'max_new_tokens': 4096}",0.9304375491542292,0.933977513468169,03_LabTracker.docx
"{'temperature': 1.1, 'top_k': 50, 'top_p': 0.9, 'max_new_tokens': 4096}",0.9364868200511556,0.948634898377146,03_LabTracker.docx
"{'temperature': 0.6, 'top_k': 50, 'top_p': 1.0, 'max_new_tokens': 4096}",0.6827138046521786,0.937187260917113,04_CelO.docx
"{'temperature': 0.6, 'top_k': 50, 'top_p': 1.0, 'max_new_tokens': 4096}",0.7109913105019874,0.9461588822785404,04_CelO.docx
"{'temperature': 0.6, 'top_k': 50, 'top_p': 1.0, 'max_new_tokens': 4096}",0.7088687422620323,0.9483278758636674,04_CelO.docx
"{'temperature': 0.6, 'top_k': 50, 'top_p': 1.0, 'max_new_tokens': 4096}",0.6987445641249073,0.9368807403670796,04_CelO.docx
"{'temperature': 0.6, 'top_k': 50, 'top_p': 1.0, 'max_new_tokens': 4096}",0.7072665177322247,0.9630155642434938,04_CelO.docx
"{'temperature': 0.6, 'top_k': 50, 'top_p': 1.0, 'max_new_tokens': 4096}",0.711166321383591,0.9477237701343812,04_CelO.docx
"{'temperature': 0.6, 'top_k': 50, 'top_p': 1.0, 'max_new_tokens': 4096}",0.7044331108653279,0.938984854178496,04_CelO.docx
"{'temperature': 0.6, 'top_k': 50, 'top_p': 1.0, 'max_new_tokens': 4096}",0.68863201551514,0.9299636403067624,04_CelO.docx
"{'temperature': 0.6, 'top_k': 50, 'top_p': 1.0, 'max_new_tokens': 4096}",0.7107734759439684,0.9427879078581524,04_CelO.docx
"{'temperature': 0.6, 'top_k': 50, 'top_p': 1.0, 'max_new_tokens': 4096}",0.7018397026295516,0.9632676358212776,04_CelO.docx
"{'temperature': 0.8, 'top_k': 50, 'top_p': 0.9, 'max_new_tokens': 4096}",0.5632905764873285,0.751605164266584,04_CelO.docx
"{'temperature': 0.8, 'top_k': 50, 'top_p': 0.9, 'max_new_tokens': 4096}",0.5637171063947377,0.7599744129159557,04_CelO.docx
"{'temperature': 0.8, 'top_k': 50, 'top_p': 0.9, 'max_new_tokens': 4096}",0.5584655305149088,0.753703310171315,04_CelO.docx
"{'temperature': 0.8, 'top_k': 50, 'top_p': 0.9, 'max_new_tokens': 4096}",0.5258259936563451,0.7788563712884002,04_CelO.docx
"{'temperature': 0.8, 'top_k': 50, 'top_p': 0.9, 'max_new_tokens': 4096}",0.5620632825270051,0.754987086146709,04_CelO.docx
"{'temperature': 0.8, 'top_k': 50, 'top_p': 0.9, 'max_new_tokens': 4096}",0.5328231801273899,0.7679091259759508,04_CelO.docx
"{'temperature': 0.8, 'top_k': 50, 'top_p': 0.9, 'max_new_tokens': 4096}",0.5539590590278451,0.7644665267207803,04_CelO.docx
"{'temperature': 0.8, 'top_k': 50, 'top_p': 0.9, 'max_new_tokens': 4096}",0.5463575537866707,0.7801809065709988,04_CelO.docx
"{'temperature': 0.8, 'top_k': 50, 'top_p': 0.9, 'max_new_tokens': 4096}",0.5457771658137164,0.7490987871972491,04_CelO.docx
"{'temperature': 0.8, 'top_k': 50, 'top_p': 0.9, 'max_new_tokens': 4096}",0.5505425840570071,0.7515452996687343,04_CelO.docx
"{'temperature': 1.0, 'top_k': None, 'top_p': 1.0, 'max_new_tokens': 2048}",0.8115857233810856,0.7959311665134949,04_CelO.docx
"{'temperature': 1.0, 'top_k': None, 'top_p': 1.0, 'max_new_tokens': 2048}",0.82105642804192,0.7895218647572415,04_CelO.docx
"{'temperature': 1.0, 'top_k': None, 'top_p': 1.0, 'max_new_tokens': 2048}",0.8121507610122528,0.8052749748018558,04_CelO.docx
"{'temperature': 1.0, 'top_k': None, 'top_p': 1.0, 'max_new_tokens': 2048}",0.8370984152284807,0.8009130600339658,04_CelO.docx
"{'temperature': 1.0, 'top_k': None, 'top_p': 1.0, 'max_new_tokens': 2048}",0.8406993891666729,0.7871825740163374,04_CelO.docx
"{'temperature': 1.0, 'top_k': None, 'top_p': 1.0, 'max_new_tokens': 2048}",0.8173650986112607,0.797487763796038,04_CelO.docx
"{'temperature': 1.0, 'top_k': None, 'top_p': 1.0, 'max_new_tokens': 2048}",0.8146742015470154,0.7725349241386298,04_CelO.docx
"{'temperature': 1.0, 'top_k': None, 'top_p': 1.0, 'max_new_tokens': 2048}",0.8155007243565257,0.7675091651512136,04_CelO.docx
"{'temperature': 1.0, 'top_k': None, 'top_p': 1.0, 'max_new_tokens': 2048}",0.8308980606132493,0.7827180972168463,04_CelO.docx
"{'temperature': 1.0, 'top_k': None, 'top_p': 1.0, 'max_new_tokens': 2048}",0.8426790169521848,0.7890735296329354,04_CelO.docx
"{'temperature': 1.1, 'top_k': None, 'top_p': 0.9, 'max_new_tokens': 2048}",0.975011356378468,0.9426928373626986,04_CelO.docx
"{'temperature': 1.1, 'top_k': None, 'top_p': 0.9, 'max_new_tokens': 2048}",0.9666826015226566,0.95304583336056,04_CelO.docx
"{'temperature': 1.1, 'top_k': None, 'top_p': 0.9, 'max_new_tokens': 2048}",0.9489797202932886,0.9353706079021792,04_CelO.docx
"{'temperature': 1.1, 'top_k': None, 'top_p': 0.9, 'max_new_tokens': 2048}",0.9468115588132484,0.939461351899958,04_CelO.docx
"{'temperature': 1.1, 'top_k': None, 'top_p': 0.9, 'max_new_tokens': 2048}",0.9546837902076856,0.9569351696471454,04_CelO.docx
"{'temperature': 1.1, 'top_k': None, 'top_p': 0.9, 'max_new_tokens': 2048}",0.9672644324379366,0.9538349986662756,04_CelO.docx
"{'temperature': 1.1, 'top_k': None, 'top_p': 0.9, 'max_new_tokens': 2048}",0.9736621780318772,0.9393103068386444,04_CelO.docx
"{'temperature': 1.1, 'top_k': None, 'top_p': 0.9, 'max_new_tokens': 2048}",0.951425872344836,0.9307872453434984,04_CelO.docx
"{'temperature': 1.1, 'top_k': None, 'top_p': 0.9, 'max_new_tokens': 2048}",0.9695730415600162,0.9313219369110748,04_CelO.docx
"{'temperature': 1.1, 'top_k': None, 'top_p': 0.9, 'max_new_tokens': 2048}",0.9621655274283432,0.95964078690427,04_CelO.docx
"{'temperature': 1.1, 'top_k': 50, 'top_p': 0.9, 'max_new_tokens': 3072}",0.9364220702193452,0.9622295628285576,04_CelO.docx
"{'temperature': 1.1, 'top_k': 50, 'top_p': 0.9, 'max_new_tokens': 3072}",0.9193843851748946,0.9371527385252122,04_CelO.docx
"{'temperature': 1.1, 'top_k': 50, 'top_p': 0.9, 'max_new_tokens': 3072}",0.9300545016486292,0.9442090599178644,04_CelO.docx
"{'temperature': 1.1, 'top_k': 50, 'top_p': 0.9, 'max_new_tokens': 3072}",0.935213056886349,0.9652322169579096,04_CelO.docx
"{'temperature': 1.1, 'top_k': 50, 'top_p': 0.9, 'max_new_tokens': 3072}",0.9037764134818184,0.9361586850364374,04_CelO.docx
"{'temperature': 1.1, 'top_k': 50, 'top_p': 0.9, 'max_new_tokens': 3072}",0.9247951567181488,0.966534140073774,04_CelO.docx
"{'temperature': 1.1, 'top_k': 50, 'top_p': 0.9, 'max_new_tokens': 3072}",0.9354548908583142,0.9352554888098016,04_CelO.docx
"{'temperature': 1.1, 'top_k': 50, 'top_p': 0.9, 'max_new_tokens': 3072}",0.9219657307040168,0.9575283342690916,04_CelO.docx
"{'temperature': 1.1, 'top_k': 50, 'top_p': 0.9, 'max_new_tokens': 3072}",0.9158207738004536,0.967217865444529,04_CelO.docx
"{'temperature': 1.1, 'top_k': 50, 'top_p': 0.9, 'max_new_tokens': 3072}",0.906574394236184,0.9654899969566896,04_CelO.docx
"{'temperature': 1.1, 'top_k': 50, 'top_p': 0.9, 'max_new_tokens': 4096}",0.852529250664871,0.7911089855520743,04_CelO.docx
"{'temperature': 1.1, 'top_k': 50, 'top_p': 0.9, 'max_new_tokens': 4096}",0.8388886141640592,0.7795453731992872,04_CelO.docx
"{'temperature': 1.1, 'top_k': 50, 'top_p': 0.9, 'max_new_tokens': 4096}",0.8247042313073389,0.8098134045097446,04_CelO.docx
"{'temperature': 1.1, 'top_k': 50, 'top_p': 0.9, 'max_new_tokens': 4096}",0.8588580540193104,0.8083246475981449,04_CelO.docx
"{'temperature': 1.1, 'top_k': 50, 'top_p': 0.9, 'max_new_tokens': 4096}",0.8416702077628727,0.7797096494659164,04_CelO.docx
"{'temperature': 1.1, 'top_k': 50, 'top_p': 0.9, 'max_new_tokens': 4096}",0.8537843862690695,0.8166479869629814,04_CelO.docx
"{'temperature': 1.1, 'top_k': 50, 'top_p': 0.9, 'max_new_tokens': 4096}",0.8476206093864284,0.8013413181340237,04_CelO.docx
"{'temperature': 1.1, 'top_k': 50, 'top_p': 0.9, 'max_new_tokens': 4096}",0.8533447723570471,0.7984812329158322,04_CelO.docx
"{'temperature': 1.1, 'top_k': 50, 'top_p': 0.9, 'max_new_tokens': 4096}",0.8382782879787248,0.8065214077261099,04_CelO.docx
"{'temperature': 1.1, 'top_k': 50, 'top_p': 0.9, 'max_new_tokens': 4096}",0.8464567844805431,0.7995358932988992,04_CelO.docx
"{'temperature': 0.6, 'top_k': 50, 'top_p': 1.0, 'max_new_tokens': 4096}",0.7606863330892993,0.7525051229034816,09_TileO.docx
"{'temperature': 0.6, 'top_k': 50, 'top_p': 1.0, 'max_new_tokens': 4096}",0.7754078924673097,0.7579719698665708,09_TileO.docx
"{'temperature': 0.6, 'top_k': 50, 'top_p': 1.0, 'max_new_tokens': 4096}",0.7862056710937227,0.7481095971630476,09_TileO.docx
"{'temperature': 0.6, 'top_k': 50, 'top_p': 1.0, 'max_new_tokens': 4096}",0.7885150523877847,0.7667891441159489,09_TileO.docx
"{'temperature': 0.6, 'top_k': 50, 'top_p': 1.0, 'max_new_tokens': 4096}",0.7981345607301943,0.7653404913466879,09_TileO.docx
"{'temperature': 0.6, 'top_k': 50, 'top_p': 1.0, 'max_new_tokens': 4096}",0.7931968002023626,0.7666138445035899,09_TileO.docx
"{'temperature': 0.6, 'top_k': 50, 'top_p': 1.0, 'max_new_tokens': 4096}",0.7807453444904326,0.7800835754579467,09_TileO.docx
"{'temperature': 0.6, 'top_k': 50, 'top_p': 1.0, 'max_new_tokens': 4096}",0.790210697267374,0.7521573979769574,09_TileO.docx
"{'temperature': 0.6, 'top_k': 50, 'top_p': 1.0, 'max_new_tokens': 4096}",0.7998035719355902,0.7708042941488915,09_TileO.docx
"{'temperature': 0.6, 'top_k': 50, 'top_p': 1.0, 'max_new_tokens': 4096}",0.7839513711757459,0.757865041582008,09_TileO.docx
"{'temperature': 0.8, 'top_k': 50, 'top_p': 0.9, 'max_new_tokens': 4096}",0.9030768235659736,0.8674141605201762,09_TileO.docx
"{'temperature': 0.8, 'top_k': 50, 'top_p': 0.9, 'max_new_tokens': 4096}",0.9007855144976484,0.857438357011154,09_TileO.docx
"{'temperature': 0.8, 'top_k': 50, 'top_p': 0.9, 'max_new_tokens': 4096}",0.883123894387437,0.864241747349116,09_TileO.docx
"{'temperature': 0.8, 'top_k': 50, 'top_p': 0.9, 'max_new_tokens': 4096}",0.8801860396955006,0.8774569740601952,09_TileO.docx
"{'temperature': 0.8, 'top_k': 50, 'top_p': 0.9, 'max_new_tokens': 4096}",0.8787028450886637,0.8464280200461503,09_TileO.docx
"{'temperature': 0.8, 'top_k': 50, 'top_p': 0.9, 'max_new_tokens': 4096}",0.9078574228817076,0.8480999490989157,09_TileO.docx
"{'temperature': 0.8, 'top_k': 50, 'top_p': 0.9, 'max_new_tokens': 4096}",0.9060815480840576,0.8740733512370487,09_TileO.docx
"{'temperature': 0.8, 'top_k': 50, 'top_p': 0.9, 'max_new_tokens': 4096}",0.8822709921807479,0.863292198588178,09_TileO.docx
"{'temperature': 0.8, 'top_k': 50, 'top_p': 0.9, 'max_new_tokens': 4096}",0.893009286388072,0.8712263017413651,09_TileO.docx
"{'temperature': 0.8, 'top_k': 50, 'top_p': 0.9, 'max_new_tokens': 4096}",0.9086696136419372,0.8460081710906326,09_TileO.docx
"{'temperature': 1.0, 'top_k': None, 'top_p': 1.0, 'max_new_tokens': 2048}",0.5670241452652554,0.7307583799808672,09_TileO.docx
"{'temperature': 1.0, 'top_k': None, 'top_p': 1.0, 'max_new_tokens': 2048}",0.5774498852756337,0.7461001229247878,09_TileO.docx
"{'temperature': 1.0, 'top_k': None, 'top_p': 1.0, 'max_new_tokens': 2048}",0.5624779382080028,0.7493328242143267,09_TileO.docx
"{'temperature': 1.0, 'top_k': None, 'top_p': 1.0, 'max_new_tokens': 2048}",0.5614817840880274,0.7371478973790795,09_TileO.docx
"{'temperature': 1.0, 'top_k': None, 'top_p': 1.0, 'max_new_tokens': 2048}",0.5548069042053331,0.7326073790651019,09_TileO.docx
"{'temperature': 1.0, 'top_k': None, 'top_p': 1.0, 'max_new_tokens': 2048}",0.574256265736888,0.7468488109350462,09_TileO.docx
"{'temperature': 1.0, 'top_k': None, 'top_p': 1.0, 'max_new_tokens': 2048}",0.5581067697805852,0.7606921473285014,09_TileO.docx
"{'temperature': 1.0, 'top_k': None, 'top_p': 1.0, 'max_new_tokens': 2048}",0.5563918645311623,0.7430416642711275,09_TileO.docx
"{'temperature': 1.0, 'top_k': None, 'top_p': 1.0, 'max_new_tokens': 2048}",0.5803224518254853,0.754475285632647,09_TileO.docx
"{'temperature': 1.0, 'top_k': None, 'top_p': 1.0, 'max_new_tokens': 2048}",0.5647308338094044,0.7544266287036822,09_TileO.docx
"{'temperature': 1.1, 'top_k': None, 'top_p': 0.9, 'max_new_tokens': 2048}",0.3948455436414561,0.7427015543456402,09_TileO.docx
"{'temperature': 1.1, 'top_k': None, 'top_p': 0.9, 'max_new_tokens': 2048}",0.4036307887260155,0.7639857653155759,09_TileO.docx
"{'temperature': 1.1, 'top_k': None, 'top_p': 0.9, 'max_new_tokens': 2048}",0.3796533066902866,0.7607040583239209,09_TileO.docx
"{'temperature': 1.1, 'top_k': None, 'top_p': 0.9, 'max_new_tokens': 2048}",0.4081330537281515,0.7670779281793675,09_TileO.docx
"{'temperature': 1.1, 'top_k': None, 'top_p': 0.9, 'max_new_tokens': 2048}",0.4033503348598138,0.76458350326827,09_TileO.docx
"{'temperature': 1.1, 'top_k': None, 'top_p': 0.9, 'max_new_tokens': 2048}",0.404363736157554,0.7499869894942907,09_TileO.docx
"{'temperature': 1.1, 'top_k': None, 'top_p': 0.9, 'max_new_tokens': 2048}",0.402947486873326,0.7679643452689263,09_TileO.docx
"{'temperature': 1.1, 'top_k': None, 'top_p': 0.9, 'max_new_tokens': 2048}",0.3890138180159829,0.7559388957911896,09_TileO.docx
"{'temperature': 1.1, 'top_k': None, 'top_p': 0.9, 'max_new_tokens': 2048}",0.3784273506445074,0.7510012049377089,09_TileO.docx
"{'temperature': 1.1, 'top_k': None, 'top_p': 0.9, 'max_new_tokens': 2048}",0.3992477972814495,0.7636434833998732,09_TileO.docx
"{'temperature': 1.1, 'top_k': 50, 'top_p': 0.9, 'max_new_tokens': 3072}",0.8559609314153256,0.770431649104541,09_TileO.docx
"{'temperature': 1.1, 'top_k': 50, 'top_p': 0.9, 'max_new_tokens': 3072}",0.8513102666576547,0.7806115135054948,09_TileO.docx
"{'temperature': 1.1, 'top_k': 50, 'top_p': 0.9, 'max_new_tokens': 3072}",0.83802157442722,0.7861440402412029,09_TileO.docx
"{'temperature': 1.1, 'top_k': 50, 'top_p': 0.9, 'max_new_tokens': 3072}",0.8602352876992283,0.7565685673819332,09_TileO.docx
"{'temperature': 1.1, 'top_k': 50, 'top_p': 0.9, 'max_new_tokens': 3072}",0.8608283997168467,0.7663190419182623,09_TileO.docx
"{'temperature': 1.1, 'top_k': 50, 'top_p': 0.9, 'max_new_tokens': 3072}",0.8365241237623527,0.7691028559821104,09_TileO.docx
"{'temperature': 1.1, 'top_k': 50, 'top_p': 0.9, 'max_new_tokens': 3072}",0.8371393578035794,0.7598189620610017,09_TileO.docx
"{'temperature': 1.1, 'top_k': 50, 'top_p': 0.9, 'max_new_tokens': 3072}",0.8330495522982182,0.7720406480861486,09_TileO.docx
"{'temperature': 1.1, 'top_k': 50, 'top_p': 0.9, 'max_new_tokens': 3072}",0.8520541002233004,0.7564445758914938,09_TileO.docx
"{'temperature': 1.1, 'top_k': 50, 'top_p': 0.9, 'max_new_tokens': 3072}",0.8270274233452023,0.7926506188937854,09_TileO.docx
"{'temperature': 1.1, 'top_k': 50, 'top_p': 0.9, 'max_new_tokens': 4096}",0.8299052848486105,0.7584691841288185,09_TileO.docx
"{'temperature': 1.1, 'top_k': 50, 'top_p': 0.9, 'max_new_tokens': 4096}",0.8207760885026139,0.7755326874282765,09_TileO.docx
"{'temperature': 1.1, 'top_k': 50, 'top_p': 0.9, 'max_new_tokens': 4096}",0.8179329730875406,0.74278950793224,09_TileO.docx
"{'temperature': 1.1, 'top_k': 50, 'top_p': 0.9, 'max_new_tokens': 4096}",0.8259925258314932,0.7593951404814674,09_TileO.docx
"{'temperature': 1.1, 'top_k': 50, 'top_p': 0.9, 'max_new_tokens': 4096}",0.8070845642990268,0.7519427103376596,09_TileO.docx
"{'temperature': 1.1, 'top_k': 50, 'top_p': 0.9, 'max_new_tokens': 4096}",0.8052674507401656,0.7608941178426715,09_TileO.docx
"{'temperature': 1.1, 'top_k': 50, 'top_p': 0.9, 'max_new_tokens': 4096}",0.8077390744115959,0.7378753380114214,09_TileO.docx
"{'temperature': 1.1, 'top_k': 50, 'top_p': 0.9, 'max_new_tokens': 4096}",0.8004284840404772,0.7405309700785488,09_TileO.docx
"{'temperature': 1.1, 'top_k': 50, 'top_p': 0.9, 'max_new_tokens': 4096}",0.8239666637499845,0.7614217741520046,09_TileO.docx
"{'temperature': 1.1, 'top_k': 50, 'top_p': 0.9, 'max_new_tokens': 4096}",0.8299025119723943,0.7636367631031775,09_TileO.docx
"{'temperature': 0.6, 'top_k': 50, 'top_p': 1.0, 'max_new_tokens': 4096}",0.9193959931223988,0.7844196223334131,02_H2S.docx
"{'temperature': 0.6, 'top_k': 50, 'top_p': 1.0, 'max_new_tokens': 4096}",0.9350479458694833,0.7658005195332405,02_H2S.docx
"{'temperature': 0.6, 'top_k': 50, 'top_p': 1.0, 'max_new_tokens': 4096}",0.9006046083218053,0.8014053852203755,02_H2S.docx
"{'temperature': 0.6, 'top_k': 50, 'top_p': 1.0, 'max_new_tokens': 4096}",0.9319730758598748,0.7792275476225539,02_H2S.docx
"{'temperature': 0.6, 'top_k': 50, 'top_p': 1.0, 'max_new_tokens': 4096}",0.9147441928302484,0.7955656561704968,02_H2S.docx
"{'temperature': 0.6, 'top_k': 50, 'top_p': 1.0, 'max_new_tokens': 4096}",0.922253781378646,0.7641552179943906,02_H2S.docx
"{'temperature': 0.6, 'top_k': 50, 'top_p': 1.0, 'max_new_tokens': 4096}",0.9338488469465556,0.7859808141379899,02_H2S.docx
"{'temperature': 0.6, 'top_k': 50, 'top_p': 1.0, 'max_new_tokens': 4096}",0.9184690445325026,0.7977128687415108,02_H2S.docx
"{'temperature': 0.6, 'top_k': 50, 'top_p': 1.0, 'max_new_tokens': 4096}",0.8961004112945942,0.7911175723759283,02_H2S.docx
"{'temperature': 0.6, 'top_k': 50, 'top_p': 1.0, 'max_new_tokens': 4096}",0.9160843917925872,0.7983852018637339,02_H2S.docx
"{'temperature': 0.8, 'top_k': 50, 'top_p': 0.9, 'max_new_tokens': 4096}",0.9241983995307534,0.7615809627513033,02_H2S.docx
"{'temperature': 0.8, 'top_k': 50, 'top_p': 0.9, 'max_new_tokens': 4096}",0.9149424485298452,0.7502766915319081,02_H2S.docx
"{'temperature': 0.8, 'top_k': 50, 'top_p': 0.9, 'max_new_tokens': 4096}",0.9285434955582352,0.7533309846803659,02_H2S.docx
"{'temperature': 0.8, 'top_k': 50, 'top_p': 0.9, 'max_new_tokens': 4096}",0.9398592998235552,0.7835915319719273,02_H2S.docx
"{'temperature': 0.8, 'top_k': 50, 'top_p': 0.9, 'max_new_tokens': 4096}",0.9396066927888584,0.7798136188817878,02_H2S.docx
"{'temperature': 0.8, 'top_k': 50, 'top_p': 0.9, 'max_new_tokens': 4096}",0.9354037045467528,0.7629576821928701,02_H2S.docx
"{'temperature': 0.8, 'top_k': 50, 'top_p': 0.9, 'max_new_tokens': 4096}",0.9340032710096065,0.7674138636239429,02_H2S.docx
"{'temperature': 0.8, 'top_k': 50, 'top_p': 0.9, 'max_new_tokens': 4096}",0.9067002648330316,0.7835129169381043,02_H2S.docx
"{'temperature': 0.8, 'top_k': 50, 'top_p': 0.9, 'max_new_tokens': 4096}",0.9077709585619724,0.7594795419525073,02_H2S.docx
"{'temperature': 0.8, 'top_k': 50, 'top_p': 0.9, 'max_new_tokens': 4096}",0.9130411421817972,0.7615092867306688,02_H2S.docx
"{'temperature': 1.0, 'top_k': None, 'top_p': 1.0, 'max_new_tokens': 2048}",0.6378832523019861,0.74780955137507,02_H2S.docx
"{'temperature': 1.0, 'top_k': None, 'top_p': 1.0, 'max_new_tokens': 2048}",0.6465103801361606,0.7492286321211533,02_H2S.docx
"{'temperature': 1.0, 'top_k': None, 'top_p': 1.0, 'max_new_tokens': 2048}",0.6175522657116315,0.7436673719742111,02_H2S.docx
"{'temperature': 1.0, 'top_k': None, 'top_p': 1.0, 'max_new_tokens': 2048}",0.6305541641788323,0.7694686455188635,02_H2S.docx
"{'temperature': 1.0, 'top_k': None, 'top_p': 1.0, 'max_new_tokens': 2048}",0.6479007579926999,0.7729127075325763,02_H2S.docx
"{'temperature': 1.0, 'top_k': None, 'top_p': 1.0, 'max_new_tokens': 2048}",0.623331697321469,0.7770582619840184,02_H2S.docx
"{'temperature': 1.0, 'top_k': None, 'top_p': 1.0, 'max_new_tokens': 2048}",0.6537546788775619,0.7597630866934619,02_H2S.docx
"{'temperature': 1.0, 'top_k': None, 'top_p': 1.0, 'max_new_tokens': 2048}",0.6383361685360518,0.77661897276857,02_H2S.docx
"{'temperature': 1.0, 'top_k': None, 'top_p': 1.0, 'max_new_tokens': 2048}",0.6279630909104432,0.7457758902635552,02_H2S.docx
"{'temperature': 1.0, 'top_k': None, 'top_p': 1.0, 'max_new_tokens': 2048}",0.6228069934459446,0.7558709030949973,02_H2S.docx
"{'temperature': 1.1, 'top_k': None, 'top_p': 0.9, 'max_new_tokens': 2048}",0.9098464880798192,0.9235090521468302,02_H2S.docx
"{'temperature': 1.1, 'top_k': None, 'top_p': 0.9, 'max_new_tokens': 2048}",0.9104992816150448,0.9331480611519752,02_H2S.docx
"{'temperature': 1.1, 'top_k': None, 'top_p': 0.9, 'max_new_tokens': 2048}",0.926481854259112,0.9378591251934169,02_H2S.docx
"{'temperature': 1.1, 'top_k': None, 'top_p': 0.9, 'max_new_tokens': 2048}",0.9009293216746328,0.9148133104991008,02_H2S.docx
"{'temperature': 1.1, 'top_k': None, 'top_p': 0.9, 'max_new_tokens': 2048}",0.9193475749666664,0.9224613279448032,02_H2S.docx
"{'temperature': 1.1, 'top_k': None, 'top_p': 0.9, 'max_new_tokens': 2048}",0.9199822056009032,0.941353685639453,02_H2S.docx
"{'temperature': 1.1, 'top_k': None, 'top_p': 0.9, 'max_new_tokens': 2048}",0.8971834505283363,0.9344339769282544,02_H2S.docx
"{'temperature': 1.1, 'top_k': None, 'top_p': 0.9, 'max_new_tokens': 2048}",0.9135870426828964,0.94080624362896,02_H2S.docx
"{'temperature': 1.1, 'top_k': None, 'top_p': 0.9, 'max_new_tokens': 2048}",0.9262969498844612,0.914281670472299,02_H2S.docx
"{'temperature': 1.1, 'top_k': None, 'top_p': 0.9, 'max_new_tokens': 2048}",0.9012263451267248,0.9333112457150832,02_H2S.docx
"{'temperature': 1.1, 'top_k': 50, 'top_p': 0.9, 'max_new_tokens': 3072}",0.5824951975538101,0.7510473464348724,02_H2S.docx
"{'temperature': 1.1, 'top_k': 50, 'top_p': 0.9, 'max_new_tokens': 3072}",0.5796715994556922,0.724124627600374,02_H2S.docx
"{'temperature': 1.1, 'top_k': 50, 'top_p': 0.9, 'max_new_tokens': 3072}",0.5924387629148281,0.7291624905119743,02_H2S.docx
"{'temperature': 1.1, 'top_k': 50, 'top_p': 0.9, 'max_new_tokens': 3072}",0.5977520230177064,0.74896088125234,02_H2S.docx
"{'temperature': 1.1, 'top_k': 50, 'top_p': 0.9, 'max_new_tokens': 3072}",0.5803080601894284,0.7489451432309406,02_H2S.docx
"{'temperature': 1.1, 'top_k': 50, 'top_p': 0.9, 'max_new_tokens': 3072}",0.5896377800053344,0.7356062815425262,02_H2S.docx
"{'temperature': 1.1, 'top_k': 50, 'top_p': 0.9, 'max_new_tokens': 3072}",0.5931705573179521,0.7359075171180024,02_H2S.docx
"{'temperature': 1.1, 'top_k': 50, 'top_p': 0.9, 'max_new_tokens': 3072}",0.5834184682958392,0.7296912319070635,02_H2S.docx
"{'temperature': 1.1, 'top_k': 50, 'top_p': 0.9, 'max_new_tokens': 3072}",0.5712145547135506,0.7442914655827441,02_H2S.docx
"{'temperature': 1.1, 'top_k': 50, 'top_p': 0.9, 'max_new_tokens': 3072}",0.5662359403819726,0.747397344044103,02_H2S.docx
"{'temperature': 1.1, 'top_k': 50, 'top_p': 0.9, 'max_new_tokens': 4096}",0.9397722168003392,0.9063787520293992,02_H2S.docx
"{'temperature': 1.1, 'top_k': 50, 'top_p': 0.9, 'max_new_tokens': 4096}",0.9334663685134332,0.9142030758068472,02_H2S.docx
"{'temperature': 1.1, 'top_k': 50, 'top_p': 0.9, 'max_new_tokens': 4096}",0.9288683950775132,0.9052789321566652,02_H2S.docx
"{'temperature': 1.1, 'top_k': 50, 'top_p': 0.9, 'max_new_tokens': 4096}",0.9036452839821494,0.9148252879268596,02_H2S.docx
"{'temperature': 1.1, 'top_k': 50, 'top_p': 0.9, 'max_new_tokens': 4096}",0.9039084248712276,0.92884473655109,02_H2S.docx
"{'temperature': 1.1, 'top_k': 50, 'top_p': 0.9, 'max_new_tokens': 4096}",0.9238660273344608,0.9118486018782964,02_H2S.docx
"{'temperature': 1.1, 'top_k': 50, 'top_p': 0.9, 'max_new_tokens': 4096}",0.9239427596470606,0.940801000013221,02_H2S.docx
"{'temperature': 1.1, 'top_k': 50, 'top_p': 0.9, 'max_new_tokens': 4096}",0.9352896715437992,0.9414406083237776,02_H2S.docx
"{'temperature': 1.1, 'top_k': 50, 'top_p': 0.9, 'max_new_tokens': 4096}",0.9046837873871808,0.932446139499722,02_H2S.docx
"{'temperature': 1.1, 'top_k': 50, 'top_p': 0.9, 'max_new_tokens': 4096}",0.9331408673659508,0.9395389304852544,02_H2S.docx
"{'temperature': 0.6, 'top_k': 50, 'top_p': 1.0, 'max_new_tokens': 4096}",0.8658027748778876,0.9419999110725336,05_TSS.docx
"{'temperature': 0.6, 'top_k': 50, 'top_p': 1.0, 'max_new_tokens': 4096}",0.8461787103260127,0.9274286081726744,05_TSS.docx
"{'temperature': 0.6, 'top_k': 50, 'top_p': 1.0, 'max_new_tokens': 4096}",0.8552891622499779,0.9465405955604796,05_TSS.docx
"{'temperature': 0.6, 'top_k': 50, 'top_p': 1.0, 'max_new_tokens': 4096}",0.8751207849425636,0.9495899341911972,05_TSS.docx
"{'temperature': 0.6, 'top_k': 50, 'top_p': 1.0, 'max_new_tokens': 4096}",0.8700841714052854,0.9281693309807044,05_TSS.docx
"{'temperature': 0.6, 'top_k': 50, 'top_p': 1.0, 'max_new_tokens': 4096}",0.8770613450222405,0.9371217682044142,05_TSS.docx
"{'temperature': 0.6, 'top_k': 50, 'top_p': 1.0, 'max_new_tokens': 4096}",0.8439414136451391,0.9419112573337648,05_TSS.docx
"{'temperature': 0.6, 'top_k': 50, 'top_p': 1.0, 'max_new_tokens': 4096}",0.8447322687634,0.9281068433518884,05_TSS.docx
"{'temperature': 0.6, 'top_k': 50, 'top_p': 1.0, 'max_new_tokens': 4096}",0.8751876681224158,0.9183599594205384,05_TSS.docx
"{'temperature': 0.6, 'top_k': 50, 'top_p': 1.0, 'max_new_tokens': 4096}",0.8553469325020505,0.945302938749786,05_TSS.docx
"{'temperature': 0.8, 'top_k': 50, 'top_p': 0.9, 'max_new_tokens': 4096}",0.5857586489963054,0.7530999619972539,05_TSS.docx
"{'temperature': 0.8, 'top_k': 50, 'top_p': 0.9, 'max_new_tokens': 4096}",0.5724672771918998,0.749841602407849,05_TSS.docx
"{'temperature': 0.8, 'top_k': 50, 'top_p': 0.9, 'max_new_tokens': 4096}",0.5812982157246771,0.758183802146341,05_TSS.docx
"{'temperature': 0.8, 'top_k': 50, 'top_p': 0.9, 'max_new_tokens': 4096}",0.5781240978122173,0.7433447378799919,05_TSS.docx
"{'temperature': 0.8, 'top_k': 50, 'top_p': 0.9, 'max_new_tokens': 4096}",0.563990272942132,0.7598945909259839,05_TSS.docx
"{'temperature': 0.8, 'top_k': 50, 'top_p': 0.9, 'max_new_tokens': 4096}",0.5708049361084453,0.7545620123038501,05_TSS.docx
"{'temperature': 0.8, 'top_k': 50, 'top_p': 0.9, 'max_new_tokens': 4096}",0.5561908705532947,0.7615128606127238,05_TSS.docx
"{'temperature': 0.8, 'top_k': 50, 'top_p': 0.9, 'max_new_tokens': 4096}",0.5586436040891508,0.7626318218211812,05_TSS.docx
"{'temperature': 0.8, 'top_k': 50, 'top_p': 0.9, 'max_new_tokens': 4096}",0.5679590184247316,0.7696666752987904,05_TSS.docx
"{'temperature': 0.8, 'top_k': 50, 'top_p': 0.9, 'max_new_tokens': 4096}",0.5597028120438845,0.7648978245279341,05_TSS.docx
"{'temperature': 1.0, 'top_k': None, 'top_p': 1.0, 'max_new_tokens': 2048}",0.8169657636182525,0.7500234835736972,05_TSS.docx
"{'temperature': 1.0, 'top_k': None, 'top_p': 1.0, 'max_new_tokens': 2048}",0.783989827145385,0.7730297472758187,05_TSS.docx
"{'temperature': 1.0, 'top_k': None, 'top_p': 1.0, 'max_new_tokens': 2048}",0.8190704682817134,0.7533573763141801,05_TSS.docx
"{'temperature': 1.0, 'top_k': None, 'top_p': 1.0, 'max_new_tokens': 2048}",0.8165007402547478,0.7544472038042461,05_TSS.docx
"{'temperature': 1.0, 'top_k': None, 'top_p': 1.0, 'max_new_tokens': 2048}",0.8070419673230238,0.7676462135750156,05_TSS.docx
"{'temperature': 1.0, 'top_k': None, 'top_p': 1.0, 'max_new_tokens': 2048}",0.8071781215656412,0.7480575845581698,05_TSS.docx
"{'temperature': 1.0, 'top_k': None, 'top_p': 1.0, 'max_new_tokens': 2048}",0.8173121353367194,0.7558867775272922,05_TSS.docx
"{'temperature': 1.0, 'top_k': None, 'top_p': 1.0, 'max_new_tokens': 2048}",0.7952848465627264,0.7474065735582681,05_TSS.docx
"{'temperature': 1.0, 'top_k': None, 'top_p': 1.0, 'max_new_tokens': 2048}",0.7822708775702465,0.7510815227956296,05_TSS.docx
"{'temperature': 1.0, 'top_k': None, 'top_p': 1.0, 'max_new_tokens': 2048}",0.7826084599359185,0.7743345478524408,05_TSS.docx
"{'temperature': 1.1, 'top_k': None, 'top_p': 0.9, 'max_new_tokens': 2048}",0.8393225564210964,0.922553944614312,05_TSS.docx
"{'temperature': 1.1, 'top_k': None, 'top_p': 0.9, 'max_new_tokens': 2048}",0.8480195882412697,0.9504221311186888,05_TSS.docx
"{'temperature': 1.1, 'top_k': None, 'top_p': 0.9, 'max_new_tokens': 2048}",0.8523623306781182,0.9547258523545749,05_TSS.docx
"{'temperature': 1.1, 'top_k': None, 'top_p': 0.9, 'max_new_tokens': 2048}",0.8146523338893598,0.9244301714092218,05_TSS.docx
"{'temperature': 1.1, 'top_k': None, 'top_p': 0.9, 'max_new_tokens': 2048}",0.8251280430662895,0.9336460165645803,05_TSS.docx
"{'temperature': 1.1, 'top_k': None, 'top_p': 0.9, 'max_new_tokens': 2048}",0.8207395766253861,0.9303347408411848,05_TSS.docx
"{'temperature': 1.1, 'top_k': None, 'top_p': 0.9, 'max_new_tokens': 2048}",0.8440977106086037,0.945287893112554,05_TSS.docx
"{'temperature': 1.1, 'top_k': None, 'top_p': 0.9, 'max_new_tokens': 2048}",0.8244858182691491,0.9216888419163904,05_TSS.docx
"{'temperature': 1.1, 'top_k': None, 'top_p': 0.9, 'max_new_tokens': 2048}",0.8236483750975997,0.9241456789000608,05_TSS.docx
"{'temperature': 1.1, 'top_k': None, 'top_p': 0.9, 'max_new_tokens': 2048}",0.8466015626305607,0.942251892656384,05_TSS.docx
"{'temperature': 1.1, 'top_k': 50, 'top_p': 0.9, 'max_new_tokens': 3072}",0.8030180077435208,0.8036321257125448,05_TSS.docx
"{'temperature': 1.1, 'top_k': 50, 'top_p': 0.9, 'max_new_tokens': 3072}",0.8005531490605776,0.7979800718973106,05_TSS.docx
"{'temperature': 1.1, 'top_k': 50, 'top_p': 0.9, 'max_new_tokens': 3072}",0.7855288865500483,0.770216212760092,05_TSS.docx
"{'temperature': 1.1, 'top_k': 50, 'top_p': 0.9, 'max_new_tokens': 3072}",0.7999099342032215,0.7691126752401466,05_TSS.docx
"{'temperature': 1.1, 'top_k': 50, 'top_p': 0.9, 'max_new_tokens': 3072}",0.776409887843125,0.7733875464370703,05_TSS.docx
"{'temperature': 1.1, 'top_k': 50, 'top_p': 0.9, 'max_new_tokens': 3072}",0.7821859921862231,0.8033547368734184,05_TSS.docx
"{'temperature': 1.1, 'top_k': 50, 'top_p': 0.9, 'max_new_tokens': 3072}",0.7840924720180725,0.7878700618092013,05_TSS.docx
"{'temperature': 1.1, 'top_k': 50, 'top_p': 0.9, 'max_new_tokens': 3072}",0.7804772152275448,0.7908436189363182,05_TSS.docx
"{'temperature': 1.1, 'top_k': 50, 'top_p': 0.9, 'max_new_tokens': 3072}",0.8030047119498473,0.7746205694568544,05_TSS.docx
"{'temperature': 1.1, 'top_k': 50, 'top_p': 0.9, 'max_new_tokens': 3072}",0.7940307516120938,0.7952618959543729,05_TSS.docx
"{'temperature': 1.1, 'top_k': 50, 'top_p': 0.9, 'max_new_tokens': 4096}",0.88518687432144,0.840860043195699,05_TSS.docx
"{'temperature': 1.1, 'top_k': 50, 'top_p': 0.9, 'max_new_tokens': 4096}",0.8787582879001056,0.8429492130257121,05_TSS.docx
"{'temperature': 1.1, 'top_k': 50, 'top_p': 0.9, 'max_new_tokens': 4096}",0.8710084154162332,0.841762145003441,05_TSS.docx
"{'temperature': 1.1, 'top_k': 50, 'top_p': 0.9, 'max_new_tokens': 4096}",0.8647603726751438,0.8257109462846726,05_TSS.docx
"{'temperature': 1.1, 'top_k': 50, 'top_p': 0.9, 'max_new_tokens': 4096}",0.8564098711910197,0.8432274370525271,05_TSS.docx
"{'temperature': 1.1, 'top_k': 50, 'top_p': 0.9, 'max_new_tokens': 4096}",0.8869573866798494,0.8141158141873547,05_TSS.docx
"{'temperature': 1.1, 'top_k': 50, 'top_p': 0.9, 'max_new_tokens': 4096}",0.8652204455006489,0.8371095168803252,05_TSS.docx
"{'temperature': 1.1, 'top_k': 50, 'top_p': 0.9, 'max_new_tokens': 4096}",0.8636458065534552,0.8153592395692164,05_TSS.docx
"{'temperature': 1.1, 'top_k': 50, 'top_p': 0.9, 'max_new_tokens': 4096}",0.8610964606519699,0.8264929405262295,05_TSS.docx
"{'temperature': 1.1, 'top_k': 50, 'top_p': 0.9, 'max_new_tokens': 4096}",0.8841887983504949,0.8279728368077903,05_TSS.docx
"{'temperature': 0.6, 'top_k': 50, 'top_p': 1.0, 'max_new_tokens': 4096}",0.8316326526498915,0.7815308909595231,08_Block.docx
"{'temperature': 0.6, 'top_k': 50, 'top_p': 1.0, 'max_new_tokens': 4096}",0.8295340320146766,0.7510250057911304,08_Block.docx
"{'temperature': 0.6, 'top_k': 50, 'top_p': 1.0, 'max_new_tokens': 4096}",0.8284653099740623,0.7648814723724549,08_Block.docx
"{'temperature': 0.6, 'top_k': 50, 'top_p': 1.0, 'max_new_tokens': 4096}",0.8523611031815184,0.7824093823768085,08_Block.docx
"{'temperature': 0.6, 'top_k': 50, 'top_p': 1.0, 'max_new_tokens': 4096}",0.8521290285947896,0.7725667861834646,08_Block.docx
"{'temperature': 0.6, 'top_k': 50, 'top_p': 1.0, 'max_new_tokens': 4096}",0.833063195624961,0.7624293772925139,08_Block.docx
"{'temperature': 0.6, 'top_k': 50, 'top_p': 1.0, 'max_new_tokens': 4096}",0.8227239340818235,0.7488725249375946,08_Block.docx
"{'temperature': 0.6, 'top_k': 50, 'top_p': 1.0, 'max_new_tokens': 4096}",0.8326721756275368,0.7595432884858783,08_Block.docx
"{'temperature': 0.6, 'top_k': 50, 'top_p': 1.0, 'max_new_tokens': 4096}",0.8476643776381344,0.7685929956833699,08_Block.docx
"{'temperature': 0.6, 'top_k': 50, 'top_p': 1.0, 'max_new_tokens': 4096}",0.8557941793487674,0.7483097675714937,08_Block.docx
"{'temperature': 0.8, 'top_k': 50, 'top_p': 0.9, 'max_new_tokens': 4096}",0.8861322742415025,0.7708118057491633,08_Block.docx
"{'temperature': 0.8, 'top_k': 50, 'top_p': 0.9, 'max_new_tokens': 4096}",0.9103283503345184,0.7450796957446558,08_Block.docx
"{'temperature': 0.8, 'top_k': 50, 'top_p': 0.9, 'max_new_tokens': 4096}",0.9181858009027226,0.7532766579279968,08_Block.docx
"{'temperature': 0.8, 'top_k': 50, 'top_p': 0.9, 'max_new_tokens': 4096}",0.8930812803170479,0.7739983554886272,08_Block.docx
"{'temperature': 0.8, 'top_k': 50, 'top_p': 0.9, 'max_new_tokens': 4096}",0.9055197875637664,0.7756886906959626,08_Block.docx
"{'temperature': 0.8, 'top_k': 50, 'top_p': 0.9, 'max_new_tokens': 4096}",0.9200084955778473,0.7771977721163574,08_Block.docx
"{'temperature': 0.8, 'top_k': 50, 'top_p': 0.9, 'max_new_tokens': 4096}",0.8888256244760833,0.7644275230067892,08_Block.docx
"{'temperature': 0.8, 'top_k': 50, 'top_p': 0.9, 'max_new_tokens': 4096}",0.8972891443615267,0.7780307327563256,08_Block.docx
"{'temperature': 0.8, 'top_k': 50, 'top_p': 0.9, 'max_new_tokens': 4096}",0.9140861792512502,0.7789399045652363,08_Block.docx
"{'temperature': 0.8, 'top_k': 50, 'top_p': 0.9, 'max_new_tokens': 4096}",0.9012611577202868,0.7571626104720274,08_Block.docx
"{'temperature': 1.0, 'top_k': None, 'top_p': 1.0, 'max_new_tokens': 2048}",0.0913963277427236,0.7673856469802274,08_Block.docx
"{'temperature': 1.0, 'top_k': None, 'top_p': 1.0, 'max_new_tokens': 2048}",0.0604406661128545,0.757169769696208,08_Block.docx
"{'temperature': 1.0, 'top_k': None, 'top_p': 1.0, 'max_new_tokens': 2048}",0.0800630440535017,0.7832816688445955,08_Block.docx
"{'temperature': 1.0, 'top_k': None, 'top_p': 1.0, 'max_new_tokens': 2048}",0.0706258121037644,0.7687871860196582,08_Block.docx
"{'temperature': 1.0, 'top_k': None, 'top_p': 1.0, 'max_new_tokens': 2048}",0.0674135911952894,0.7847286959748966,08_Block.docx
"{'temperature': 1.0, 'top_k': None, 'top_p': 1.0, 'max_new_tokens': 2048}",0.0727158543756365,0.7765297904410351,08_Block.docx
"{'temperature': 1.0, 'top_k': None, 'top_p': 1.0, 'max_new_tokens': 2048}",0.0789782471451655,0.770932852684734,08_Block.docx
"{'temperature': 1.0, 'top_k': None, 'top_p': 1.0, 'max_new_tokens': 2048}",0.0671468834016841,0.7503696740127579,08_Block.docx
"{'temperature': 1.0, 'top_k': None, 'top_p': 1.0, 'max_new_tokens': 2048}",0.0612954046057933,0.7808016199325662,08_Block.docx
"{'temperature': 1.0, 'top_k': None, 'top_p': 1.0, 'max_new_tokens': 2048}",0.0746103313677237,0.7776770934511914,08_Block.docx
"{'temperature': 1.1, 'top_k': None, 'top_p': 0.9, 'max_new_tokens': 2048}",0.8896018154460256,0.7319382858075834,08_Block.docx
"{'temperature': 1.1, 'top_k': None, 'top_p': 0.9, 'max_new_tokens': 2048}",0.8948472492158166,0.7455296292723529,08_Block.docx
"{'temperature': 1.1, 'top_k': None, 'top_p': 0.9, 'max_new_tokens': 2048}",0.8776356556872792,0.7534049924732997,08_Block.docx
"{'temperature': 1.1, 'top_k': None, 'top_p': 0.9, 'max_new_tokens': 2048}",0.8856874586323099,0.759531414474129,08_Block.docx
"{'temperature': 1.1, 'top_k': None, 'top_p': 0.9, 'max_new_tokens': 2048}",0.9037338195595264,0.7489187552710073,08_Block.docx
"{'temperature': 1.1, 'top_k': None, 'top_p': 0.9, 'max_new_tokens': 2048}",0.9034351312372496,0.7344254123759214,08_Block.docx
"{'temperature': 1.1, 'top_k': None, 'top_p': 0.9, 'max_new_tokens': 2048}",0.8745272174544053,0.7412349021119019,08_Block.docx
"{'temperature': 1.1, 'top_k': None, 'top_p': 0.9, 'max_new_tokens': 2048}",0.8788901775615796,0.7479015051947604,08_Block.docx
"{'temperature': 1.1, 'top_k': None, 'top_p': 0.9, 'max_new_tokens': 2048}",0.8936678681351176,0.7608883992120486,08_Block.docx
"{'temperature': 1.1, 'top_k': None, 'top_p': 0.9, 'max_new_tokens': 2048}",0.8952687225484081,0.7411140671055976,08_Block.docx
"{'temperature': 1.1, 'top_k': 50, 'top_p': 0.9, 'max_new_tokens': 3072}",0.795666000763084,0.812349105805008,08_Block.docx
"{'temperature': 1.1, 'top_k': 50, 'top_p': 0.9, 'max_new_tokens': 3072}",0.7779389356321949,0.8040155182733879,08_Block.docx
"{'temperature': 1.1, 'top_k': 50, 'top_p': 0.9, 'max_new_tokens': 3072}",0.7622113113968076,0.7977033951184439,08_Block.docx
"{'temperature': 1.1, 'top_k': 50, 'top_p': 0.9, 'max_new_tokens': 3072}",0.7752240747892478,0.8109535990888498,08_Block.docx
"{'temperature': 1.1, 'top_k': 50, 'top_p': 0.9, 'max_new_tokens': 3072}",0.7933418848770738,0.8186192357163147,08_Block.docx
"{'temperature': 1.1, 'top_k': 50, 'top_p': 0.9, 'max_new_tokens': 3072}",0.7602623878931102,0.819099654487537,08_Block.docx
"{'temperature': 1.1, 'top_k': 50, 'top_p': 0.9, 'max_new_tokens': 3072}",0.7748935252729552,0.8203253712898094,08_Block.docx
"{'temperature': 1.1, 'top_k': 50, 'top_p': 0.9, 'max_new_tokens': 3072}",0.7733267990995525,0.7850679614888335,08_Block.docx
"{'temperature': 1.1, 'top_k': 50, 'top_p': 0.9, 'max_new_tokens': 3072}",0.7786280766546256,0.7825633466188434,08_Block.docx
"{'temperature': 1.1, 'top_k': 50, 'top_p': 0.9, 'max_new_tokens': 3072}",0.764424675254022,0.7948414158643531,08_Block.docx
"{'temperature': 1.1, 'top_k': 50, 'top_p': 0.9, 'max_new_tokens': 4096}",0.0470778183976736,0.7686586032352554,08_Block.docx
"{'temperature': 1.1, 'top_k': 50, 'top_p': 0.9, 'max_new_tokens': 4096}",0.0250538249501796,0.7834432204225524,08_Block.docx
"{'temperature': 1.1, 'top_k': 50, 'top_p': 0.9, 'max_new_tokens': 4096}",0.0315253257930048,0.7878340066782727,08_Block.docx
"{'temperature': 1.1, 'top_k': 50, 'top_p': 0.9, 'max_new_tokens': 4096}",0.0325479764988448,0.7759344974226646,08_Block.docx
"{'temperature': 1.1, 'top_k': 50, 'top_p': 0.9, 'max_new_tokens': 4096}",0.0170518516431571,0.7780488017980789,08_Block.docx
"{'temperature': 1.1, 'top_k': 50, 'top_p': 0.9, 'max_new_tokens': 4096}",0.0250716327714064,0.7931143897714248,08_Block.docx
"{'temperature': 1.1, 'top_k': 50, 'top_p': 0.9, 'max_new_tokens': 4096}",0.0405978790589395,0.7837011401274157,08_Block.docx
"{'temperature': 1.1, 'top_k': 50, 'top_p': 0.9, 'max_new_tokens': 4096}",0.0328611113398889,0.7645060044214375,08_Block.docx
"{'temperature': 1.1, 'top_k': 50, 'top_p': 0.9, 'max_new_tokens': 4096}",0.0195346464118671,0.7695713012843237,08_Block.docx
"{'temperature': 1.1, 'top_k': 50, 'top_p': 0.9, 'max_new_tokens': 4096}",0.0394714508535499,0.7779418179617512,08_Block.docx
